0,0,0,7.165623,0,0,0,3.889992,0,0,0,0,0,0,0,0,4.066703,0,0,6.667171,0,0,0,0,0,0,0,0,0,0,5.553064,0,0,0,0,0,0,7.091929,0,0,0,8.156307,0,0,10.15569,10.6143,0,0,5.63458,8.12625,0,13.75259,15.90063,6.837745,10.09955,6.683955,7.621984,2.762485,6.52025,9.936169,5.447639,4.926121,5.999309,10.042,16.08313,8.613475,5.669713,5.504852,13.43138,16.7944,8.096022,11.41538,7.685138,9.726418,6.013345,10.12733,13.33964,23.41074,12.63045,0,
0,0,0,2.427623,0,5.762689,0,0,3.908099,2.750109,5.005803,0,6.759758,0,2.179538,0,0,0,6.588026,2.318279,0,0,4.503706,4.315822,0,5.370399,0,0,3.660431,0,0,0,0,0,6.452302,0,0,0,0,0,0,0,10.60351,2.741834,0,0,7.302718,0,12.38634,7.079786,6.739352,17.11496,14.40484,0,0,15.01572,9.775969,20.6806,5.645062,10.00355,6.360402,12.56235,0,14.86725,9.190112,3.492544,4.951917,0,0,8.197971,4.558918,6.452028,9.750691,4.750685,16.6588,19.8362,12.63009,5.802738,7.787382,9.99764,
3.801872,0,0,0,0,6.221669,0,0,0,0,0,0,0,0,7.445977,5.445709,0,7.938321,0,4.907482,7.202133,0,0,4.012811,0,0,0,0,4.399057,8.126003,6.945153,0,0,0,0,1.601278,0,0,0,6.116346,4.809055,0,7.923223,0,3.593468,6.566754,3.336466,6.773516,4.670261,0,7.609003,17.4128,9.900288,13.3162,0,9.858289,5.815637,19.28148,17.54812,8.972282,9.586407,0,8.762245,14.18888,6.146706,12.92839,0,8.463468,9.996806,15.60179,8.591425,17.9176,0,18.1161,11.48759,9.529787,21.91889,22.98164,13.52274,10.9316,
0,0,0,6.803205,0,5.266814,4.470901,0,6.995417,0,0,4.468749,4.445508,0,0,0,0,0,0,0,0,0,0,0,0,0,0,6.907918,0,4.596611,7.337445,0,5.938353,2.111568,0,0,0,8.134198,0,0,4.822918,10.28363,7.441048,7.546469,8.086696,9.620002,7.598873,7.553983,18.21412,0,6.528758,8.609369,3.566476,0,0,16.36391,7.760254,0,4.720426,6.05028,3.306712,12.74703,6.580707,11.22056,0,12.69468,18.53995,0,9.952171,10.40873,19.38209,12.4837,6.257946,5.466388,0,17.73577,0,22.22702,12.24392,18.50673,
0,0,0,9.097382,0,6.446066,0,0,3.484357,0,0,5.048523,0,3.81672,0,6.628275,4.629718,0,8.379743,0,0,0,4.953406,0,0,2.711323,6.008728,0,7.018229,0,4.858047,0,0,5.36439,11.48699,0,0,10.80618,0,10.71434,3.72103,0,0,4.786561,4.340964,0,10.58319,5.437819,17.5875,23.86779,13.75643,7.395051,11.55289,7.383708,0,0,23.03746,14.23912,8.731532,9.663992,5.451451,5.018236,9.062845,30.11254,0,13.37263,15.04665,22.67785,5.638123,18.65177,11.29476,14.72482,5.983843,9.061793,22.91927,21.00683,0,0,19.11361,14.68546,
0,0,4.985334,2.928735,2.455091,0,4.693379,5.833339,0,0,0,3.866731,5.758712,2.95601,4.494601,4.831471,11.31586,0,0,10.35168,5.128112,7.474434,0,4.720177,8.02399,0,6.693445,0,6.239839,0,4.653112,6.167354,2.797159,0,0,0,9.721099,8.50168,10.12341,7.927113,11.9429,9.627761,11.49012,0,0,8.990385,12.9618,12.63149,0,14.99998,13.75829,5.360458,0,4.37358,12.23166,17.41419,12.58835,0,8.93914,7.487277,12.14344,10.56607,11.97196,8.647911,3.455657,0,11.9582,10.60073,9.119892,6.259187,8.899331,10.51624,10.71719,14.40478,27.88718,11.9064,6.6212,14.5241,19.99707,19.4833,
8.309336,4.254331,2.710814,0,6.665204,0,0,0,0,6.310406,0,0,2.852205,6.939583,9.593323,0,5.46376,10.64541,0,8.8305,0,6.572256,0,0,0,0,0,0,6.311335,3.189039,4.257927,13.19149,6.454065,5.394594,5.1608,11.97532,0,0,0,7.839622,14.62704,0,12.5907,12.79684,14.48191,7.319418,18.19744,14.68091,0,10.87251,19.60851,9.716204,13.64273,10.80313,17.54486,7.649049,14.19581,14.36101,13.0252,10.05681,0,0,8.787292,19.7826,24.08447,8.589695,11.3944,19.4387,10.42908,7.352713,12.68477,10.43358,16.76036,11.27218,6.53115,10.81119,10.03928,12.43458,9.296162,19.51228,
0,11.03218,0,0,7.719012,0,0,6.994861,0,6.157246,0,0,0,0,6.462835,2.324232,0,16.13604,0,0,7.476651,5.139257,0,0,0,6.472909,0,0,0,5.54851,16.2921,7.352005,7.242136,4.164808,10.25332,0,0,11.4717,0,8.833697,0,6.014698,15.10063,11.21563,11.05009,7.429476,11.99287,6.70869,4.062271,6.672995,14.10409,8.342383,12.33174,6.70964,14.75441,15.67026,7.833525,0,14.99811,15.01906,16.55754,12.91596,16.09853,5.633837,13.81629,12.70864,5.283857,10.21162,14.57799,6.672198,18.65244,8.825182,6.854669,4.721863,16.56347,14.04247,11.17686,16.48354,0,10.6003,
0,9.886886,0,3.759002,7.493838,0,2.918638,4.223964,0,2.334099,5.029535,8.042468,4.323725,0,5.322227,0,0,4.179659,5.082052,5.278705,0,0,10.41539,0,0,14.85895,6.403555,4.235882,8.511358,8.160375,0,3.800617,5.27661,8.912104,8.812028,0,8.531962,9.465252,9.65892,16.12857,8.625278,13.76491,9.347198,18.15268,15.25707,9.543527,8.987714,11.47106,10.2736,16.67436,24.32796,25.98312,24.45927,27.9805,19.90014,19.87946,14.7488,36.68317,13.64173,7.987464,15.44701,19.0304,14.77477,15.34239,19.72166,0,11.41983,10.27751,14.35094,13.92955,20.93613,17.61923,21.24286,24.47313,15.82093,26.37438,25.38055,4.716741,9.009164,21.5344,
5.633111,2.77648,0,0,5.27708,4.033531,0,7.42503,7.483912,0,0,8.930364,4.383476,4.937362,3.201328,0,0,8.17218,0,6.922112,14.20639,6.876005,0,0,10.74544,7.853997,8.235457,0,0,9.053533,0,0,6.031877,11.5268,18.48029,17.70219,12.35123,19.92014,0,14.05654,7.606915,20.58096,8.041468,23.67359,0,15.47256,11.04894,12.53813,11.81916,31.09769,13.48556,19.0765,16.64719,29.94679,23.9941,33.40916,10.77598,23.10739,8.367513,32.24546,9.776568,8.550579,22.27781,7.903996,29.3375,19.41642,12.42278,19.06468,17.5721,7.632298,26.90942,16.08259,10.46629,20.22576,8.243055,18.93054,13.35657,9.752549,20.1996,8.305602,
0,6.43254,0,4.975006,4.328609,4.031678,13.44654,8.511179,2.610651,6.351238,0,5.902152,9.807106,8.00006,0,8.798974,11.48557,15.23029,0,8.451661,5.024939,0,8.805137,0,11.55217,8.291962,5.768651,11.97862,10.51161,10.01366,5.565641,0,13.55795,16.64064,8.89819,6.588944,7.699598,10.38736,10.17463,0,12.46424,6.499563,18.56696,14.57638,23.27469,15.74285,6.01026,0,16.50576,18.78489,29.32812,13.86603,15.05813,43.60486,28.18602,15.71468,17.167,16.77265,24.53686,11.90619,22.53664,15.68696,25.38309,26.25315,21.16714,36.32382,16.44791,34.35101,25.00077,19.77247,24.44378,16.61916,10.03498,22.95815,26.2522,23.50431,11.08959,6.544789,25.09155,17.48814,
6.497009,9.356853,3.682416,4.328585,6.107087,3.915316,7.913776,9.555131,3.910417,0,0,8.828625,12.90504,6.491716,0,11.0832,8.213873,5.62775,9.609969,10.40349,6.865913,0,0,9.041541,8.315561,10.42573,13.73918,8.860065,7.578424,6.964181,13.61893,0,19.29234,25.25993,15.30418,13.19039,8.811968,22.5128,14.8204,14.86241,9.913874,4.13152,22.24291,16.03877,17.5557,20.89614,16.25217,9.40543,28.45749,16.89149,21.16392,28.52893,6.714849,19.28677,34.83104,25.63611,14.33193,9.95997,24.66565,23.6579,12.64063,14.47164,12.11962,27.59117,17.38294,30.21432,6.361196,6.730691,16.91718,15.85151,19.12187,25.3521,25.40644,17.72417,11.49246,12.73396,13.09924,9.671048,11.14023,17.5713,
0,7.14679,18.2655,0,13.71813,0,3.516761,6.774632,13.42782,5.65752,0,4.880796,0,0,10.84564,0,9.072685,5.195029,6.992479,12.83864,12.91212,0,6.774216,2.759455,0,9.143787,0,15.57768,0,21.10227,4.892446,14.21405,0,25.43811,16.49899,6.15373,15.90289,12.48325,14.88656,22.65439,11.88012,16.59525,14.34069,21.31134,18.87253,14.37998,32.30661,14.81138,8.668639,31.22186,26.48894,30.19182,18.99269,8.375941,6.660248,9.979959,14.1472,17.49261,14.65218,19.32005,31.92411,12.44455,12.66185,38.55814,32.06312,20.95048,15.42714,32.58738,7.172409,14.94137,17.06885,23.60293,11.22765,26.3019,8.05391,17.87319,27.60326,12.45833,8.093409,17.89772,
0,13.38861,0,6.787458,6.388908,0,0,19.88493,15.44814,9.533512,0,18.65415,0,10.23395,10.06557,0,6.023347,9.482079,9.607996,0,8.443622,17.23625,10.52957,13.60127,8.42383,34.54129,8.126074,13.05563,9.058286,27.25098,16.91456,20.87213,18.3749,6.627885,15.85453,27.39275,37.55969,12.85653,18.80536,20.15641,11.13778,12.75967,21.4224,17.33532,39.78309,25.94632,24.0459,24.12901,25.64976,17.26542,20.17873,33.95606,22.96755,35.16857,23.83903,31.66662,43.60586,39.52491,13.82451,12.47495,32.17722,33.25302,39.68867,44.76073,33.66174,48.92346,12.19624,36.52298,33.10732,25.89398,9.117458,18.48641,34.20257,28.78262,9.218994,16.60646,37.24329,23.54691,16.2461,6.088705,
14.81444,0,16.36964,5.666389,0,8.688745,0,0,17.18311,8.710724,0,12.33906,0,0,11.53103,0,11.06977,9.901265,6.278121,5.796092,15.34167,10.14007,6.752444,6.45109,0,14.99151,9.139093,16.36606,19.50488,20.8078,22.13697,31.22014,33.30233,26.0103,8.910987,19.00262,16.93177,24.23884,32.76241,41.61926,29.33098,22.75662,20.23532,31.98345,32.17296,19.46176,24.12247,64.01246,33.98235,10.57829,23.1457,18.99958,14.35804,36.37075,40.90324,31.69796,33.50543,31.85941,19.8423,43.28396,9.842799,54.42233,43.2006,53.85894,33.49516,16.5217,19.19534,33.00554,10.51671,15.80438,20.92278,24.49871,28.75432,27.23025,18.73037,21.70829,16.89652,16.02495,41.11063,18.2319,
19.52185,20.19701,15.60164,0,9.843545,8.768718,12.14883,18.04378,17.73083,9.343174,4.414099,9.313668,6.104121,18.48504,0,13.17065,18.90287,5.524518,11.8679,9.708307,0,12.64633,20.09734,17.49507,21.40167,11.25008,22.12024,7.77054,8.749969,20.74476,18.83925,27.4467,23.70874,17.60322,34.56657,31.86418,28.44148,15.87666,30.46692,27.33505,19.25846,12.02217,26.84049,29.4192,37.22529,16.06926,20.64087,30.48136,29.22641,32.31597,67.96507,14.61758,32.55621,10.79915,23.2708,25.69598,15.61162,63.96208,10.30044,11.06963,38.63434,54.26889,31.9296,28.29027,43.46498,41.56307,30.42457,38.28433,4.527601,13.91926,22.25547,10.14279,22.09603,10.56903,10.52092,36.88094,9.648149,33.38709,38.62343,30.40498,
4.736582,17.82092,10.57421,20.12826,5.135816,18.03656,12.36485,19.16403,14.02137,0,4.769692,11.33469,8.19292,11.1683,13.6248,7.667975,6.572028,20.78714,21.24996,16.58797,9.622563,12.01594,7.598324,13.54403,14.68336,10.24841,15.63448,18.86144,34.33913,51.78654,7.416041,12.52184,32.55321,6.52396,27.02634,8.333659,19.89046,31.93176,13.21339,38.3853,38.00633,31.0344,43.01815,21.69928,25.63543,22.14233,25.95242,14.82127,28.04031,18.75103,23.58933,39.5232,53.19054,39.16141,21.42955,36.50963,31.28226,39.09921,27.26266,19.68346,29.41117,40.15556,14.20283,24.23536,31.259,37.30526,11.13626,38.95659,39.52124,15.44991,20.89071,35.97576,44.81375,38.87866,43.28669,15.90058,19.94377,28.44163,27.96031,39.50762,
5.136499,11.34025,11.9781,0,7.29928,10.83504,7.367374,14.04276,12.72913,10.65118,10.83579,0,6.787055,6.99212,14.02901,12.41119,10.06605,13.99771,10.6808,15.31976,10.4587,6.792823,11.92682,7.814669,7.000401,0,15.28757,15.39454,20.05976,16.87926,16.92891,22.89552,24.16091,30.53219,11.504,23.3508,10.32006,39.19255,37.3761,49.59004,27.56618,13.01578,55.90216,47.10635,22.59176,45.37494,38.28373,41.67641,32.5299,22.51013,32.21705,43.5109,29.47777,15.50829,34.0273,15.7573,47.25542,26.53145,22.73793,18.43774,38.2715,28.25175,38.41216,19.08974,42.53865,50.755,43.49211,28.70267,43.91212,41.81448,42.58516,49.58212,53.37879,31.18139,68.88881,26.74569,68.04955,26.29088,28.22756,19.05582,
6.225037,21.49669,16.61841,12.28691,15.42253,26.14284,8.538728,6.735352,5.581728,0,13.66586,0,9.611024,10.55852,9.898891,0,15.2898,35.91683,20.19393,11.29127,27.78999,8.388541,30.61398,9.841754,0,17.06539,17.52663,9.169681,26.82679,27.45825,25.38672,36.31133,9.799372,33.33634,5.210753,34.89713,62.36069,24.13232,26.97367,19.09921,17.12269,45.65767,46.77183,32.07181,19.91344,10.21983,34.24415,25.31093,43.71667,42.96785,9.184091,47.64952,52.59222,22.65774,38.26363,12.37269,29.51898,43.0788,28.34752,37.95464,69.19537,26.51308,18.04833,19.12922,28.21376,61.37099,64.68153,17.449,14.23645,11.65385,40.16066,60.10181,17.62596,57.82492,54.11147,43.68655,25.24585,39.70152,25.42893,23.44794,
18.45221,21.82853,19.74544,8.580657,14.51048,18.869,16.82682,31.08992,16.44083,16.05751,18.72681,10.36607,17.15005,19.40903,7.913126,25.39321,14.32641,52.18907,18.72253,30.00039,22.81609,17.43262,13.16913,11.1427,26.54128,32.23519,28.40428,33.08417,25.61169,29.02496,37.12147,11.18042,17.91037,0,15.79493,24.31584,35.25741,48.33035,52.90962,27.24139,27.09177,48.20295,47.5701,63.20377,12.58646,40.26092,37.6158,28.7719,27.20033,45.64729,32.11296,43.15099,39.4397,46.73941,22.9288,68.29911,30.42681,22.41606,40.02086,50.53795,32.89731,39.70539,29.05107,52.73246,43.35231,42.69577,33.25494,54.78497,23.71658,48.03496,43.75509,64.41151,11.01227,63.70381,73.63883,23.29035,46.1417,51.20353,56.2519,21.44386,
7.386937,19.98655,15.91251,8.705526,20.95087,38.02052,7.927638,19.52617,21.05415,5.482389,13.12072,6.809921,0,18.47684,11.56911,31.70888,15.16616,37.11179,18.80285,33.90528,13.01815,40.08434,20.73922,36.82182,37.95851,33.6911,32.09276,26.73951,37.8498,17.06616,30.53,18.96255,34.57776,48.11491,45.62729,26.3028,53.58407,19.66811,47.64144,21.1958,27.09155,57.56966,17.7116,58.62643,12.74385,35.59195,29.28633,74.21947,25.20643,43.91426,25.50823,54.29914,46.76098,39.95701,28.90046,47.06526,11.56842,44.36271,31.10313,33.61303,49.72433,17.73564,50.41854,32.61128,72.28677,30.88748,23.80649,31.4543,49.36,43.42034,100,66.5937,34.71094,14.36449,22.74288,22.99221,20.07326,28.05127,27.78139,88.06427,
23.18204,22.42871,32.44868,15.53044,15.4137,20.8062,27.8386,18.57349,23.07221,33.23794,14.39284,16.87755,31.27142,36.34276,27.77193,22.34802,29.03139,19.72895,15.22992,36.49581,45.89951,57.07919,51.03194,14.03473,55.36221,34.70816,42.87828,18.34928,50.12487,63.69605,35.68304,23.60686,32.06562,18.19911,30.66906,47.36162,19.31191,37.56337,54.96458,12.93295,53.66686,37.92779,36.42965,27.09787,39.71975,46.17445,61.82789,27.29429,36.06449,17.34716,35.45727,19.2554,28.85045,52.93388,32.20643,33.68328,27.79167,22.83577,67.45059,36.74041,57.86123,30.1577,31.031,26.0263,28.84352,24.86478,45.33122,25.66187,29.30517,74.15178,26.02302,53.75292,56.28103,12.71708,43.98424,25.09003,32.42768,33.69168,100,66.03349,
39.15114,21.78807,17.71803,10.06438,31.74179,6.216475,29.78392,10.83667,7.517416,34.90697,29.52282,45.70058,19.45303,35.86155,0,27.57881,15.57626,27.84725,30.04276,37.17875,32.64441,15.42436,16.06574,18.47164,33.01844,31.75331,19.86611,21.83287,35.84071,18.83899,27.96424,31.82779,35.86113,29.48008,34.59734,40.31711,19.6597,49.45061,71.95385,65.51329,40.81507,24.7568,45.47176,24.41472,31.8954,28.76492,42.79192,16.48349,21.84528,44.43619,27.75502,33.25961,32.58209,76.62057,26.7638,57.84719,71.09474,36.6186,51.291,17.44178,35.75244,29.50412,23.51942,47.70356,42.76121,36.74773,45.6264,23.749,71.71648,38.42484,50.40623,55.22337,49.90851,18.74717,46.77272,34.20655,35.56984,21.66501,66.93253,48.49891,
23.36325,22.85075,25.17788,33.35226,28.30509,10.35017,28.06285,38.15007,22.86741,0,58.84931,11.33415,28.13873,28.00814,19.36125,28.38226,32.43264,9.461473,46.46012,58.20106,32.87262,25.28945,57.26668,40.67124,29.26802,62.71967,60.06277,34.14299,26.65081,22.88916,25.6114,17.77518,19.3707,50.99358,75.20664,36.95288,71.80011,21.89574,34.29491,29.31554,55.97833,72.1282,25.86637,33.01419,50.54298,31.13469,30.68059,83.71693,33.70467,64.15729,63.74048,29.75244,18.38891,28.18464,65.22097,41.11606,72.77314,22.46077,29.22256,27.34207,29.84084,52.12963,40.73018,24.86784,30.57531,36.83696,28.60641,31.16643,34.30054,24.31634,15.88749,20.99537,31.42345,26.36032,60.58088,29.11717,19.30997,78.92836,30.42208,32.36154,
26.51006,16.13727,27.27983,40.98581,25.96816,24.62716,22.98456,31.76404,18.18572,37.04644,48.01049,11.54037,43.43713,50.22338,22.22948,64.95415,47.41917,36.2926,50.67267,26.48509,61.9887,47.02534,14.90501,47.38234,60.84853,27.78121,74.53471,18.75031,49.1956,40.83185,23.52845,20.17951,69.84592,46.58524,81.56515,57.52134,50.64484,26.71522,37.90442,29.77145,49.1591,23.95078,42.72842,49.23779,57.22831,63.86213,19.48187,32.61713,52.24936,42.72134,19.14942,55.90368,30.24167,41.22755,39.04181,35.76081,22.51437,49.19839,28.6536,67.11998,52.51638,22.36853,62.58022,45.61512,53.75531,38.01595,25.35913,52.1173,37.94977,28.08941,46.42913,52.37473,64.1016,25.30546,25.4855,35.39536,42.34109,30.61347,27.53523,88.57804,
31.54972,21.46604,39.77296,60.00494,24.48405,21.55952,22.07778,38.43339,52.74952,27.19055,17.54638,24.67382,32.22702,51.07539,53.83242,16.21256,25.78411,39.69762,31.87203,37.60075,40.03844,52.45585,33.00071,23.01856,41.48805,41.65726,32.3683,38.9888,55.52703,74.71838,22.65016,21.50146,54.10632,50.20577,29.44955,43.19188,61.15907,42.23558,56.49246,25.84663,24.31515,71.51164,28.58685,49.07481,64.65096,61.83359,28.11311,33.14502,34.99429,33.34845,47.53003,43.58559,48.04419,21.52895,36.55211,29.73408,28.39226,100,24.94804,19.25636,29.78251,33.23443,31.98607,21.71975,63.69009,25.57694,31.12905,42.21168,35.36594,30.70361,49.97692,40.67545,21.10648,23.45113,43.97817,47.3159,24.9635,28.9773,60.30223,60.56437,
25.53344,40.04744,39.82289,45.31534,34.57232,40.63509,22.82691,37.73371,43.78116,28.60079,56.97913,29.19939,33.61572,46.78436,26.68232,60.10876,52.35111,48.71825,11.47614,37.74772,49.24306,43.06723,59.41814,28.47139,26.88587,69.37921,14.92352,79.57072,44.98014,35.62076,48.67723,61.75191,60.63076,30.00212,25.18903,33.47863,43.05529,29.54193,39.90833,17.72483,23.98278,21.56567,28.2538,44.42829,60.33345,19.35926,30.54748,25.48041,50.28773,53.63921,27.37573,19.779,11.88998,27.74165,41.13312,47.16012,58.3782,29.6438,53.27158,29.21158,39.99842,30.8371,45.78994,58.01452,55.39322,28.25606,38.38123,34.17801,48.22674,21.76373,47.91721,52.72572,46.7565,52.01705,33.81226,13.03502,41.19585,13.98724,31.4316,44.63561,
13.02,23.50669,53.00434,59.87516,21.40573,15.85064,42.67363,19.15068,43.44365,81.13648,73.10849,50.37099,26.06778,27.20648,39.47875,48.52897,41.58333,31.59938,59.70704,54.97403,68.78934,35.28239,23.6029,46.05337,44.855,60.56028,53.57758,50.59568,26.57547,60.0107,42.16075,39.15154,74.64565,23.41246,75.08656,26.23179,37.01894,33.33109,32.70858,30.47881,34.26749,31.24315,56.24248,59.25879,39.84137,73.76143,86.55297,23.25864,21.21175,59.00369,31.81634,7.268325,31.59884,36.64386,25.0703,51.7718,36.71415,35.33622,53.51604,24.35741,34.66135,25.01696,19.01995,61.05864,53.39799,50.04596,68.04757,43.22096,25.82293,10.90572,22.55126,51.49149,57.50079,61.39369,25.911,32.26896,45.51463,64.8946,28.4297,48.09505,
38.72115,21.04312,19.82907,35.20392,18.75626,85.11732,28.85507,48.49781,40.23992,50.90451,8.420115,46.99989,22.11468,31.41327,27.99566,45.09391,32.73871,25.05834,60.35982,24.90473,77.01875,39.93229,28.17544,45.88137,19.68023,23.78942,28.21973,22.70036,51.60547,20.89559,56.41387,25.22521,36.44196,25.49736,46.54703,23.55646,64.92659,45.92754,55.44026,24.50485,52.61388,49.93726,40.03265,28.37665,22.17354,37.18266,44.19806,62.12083,62.10903,35.79338,26.06637,19.18392,62.95115,27.42509,28.69512,30.13737,56.88849,26.06984,23.68373,36.36696,24.36536,73.20113,25.71297,22.78886,36.29657,66.29131,23.60331,67.30228,41.37276,42.50367,29.94864,42.31515,44.43088,59.16811,70.03916,26.65451,28.8333,28.77288,81.42194,51.87771,
71.92896,24.74462,26.37518,39.49118,32.95855,21.24514,24.4191,19.47981,53.59298,51.93882,23.79836,37.14425,24.08005,47.26207,40.652,52.98444,31.79378,59.28351,28.53058,77.87012,24.90603,19.87251,59.93045,43.4206,47.11835,46.32709,41.55405,18.93527,25.62314,29.05546,34.99564,22.21928,38.33689,38.44568,62.92928,21.2216,29.05206,19.82068,30.06748,46.483,38.2963,51.81287,35.18334,27.44451,21.79108,23.10842,37.60205,61.0155,19.18471,51.6972,47.11674,35.62038,37.14321,32.87638,17.62184,32.48391,26.98135,52.08014,29.10293,37.02966,75.11247,23.0356,27.49217,40.60262,67.69304,61.84386,61.90368,28.75276,49.49469,22.95694,21.46107,32.92715,30.02326,29.18465,34.51359,59.35785,39.13668,71.95323,57.53285,24.01479,
58.70708,60.02375,28.3339,51.48803,44.97446,25.35983,76.01966,28.69663,30.22737,25.96931,37.66271,50.57194,67.69253,41.7045,27.13387,63.18467,60.10117,48.20947,49.51118,73.99738,23.99875,22.57473,27.6588,71.84952,30.57334,16.40343,33.15737,28.92212,38.38598,38.30492,33.64628,35.2724,21.06592,23.42985,44.06863,15.39837,58.67664,37.85804,26.42166,36.74082,22.8853,41.80476,39.4205,18.8281,45.95439,20.71517,26.47438,20.41,68.66188,17.04272,33.85165,49.17805,16.58004,46.63244,53.95771,29.46269,33.95022,36.92617,52.09351,62.28318,56.80623,55.2931,28.90872,38.79266,28.75527,41.19577,53.71757,40.43433,29.49061,38.02934,52.5757,53.51749,32.64738,36.77054,49.17194,32.47569,23.09218,34.01973,57.12959,49.22695,
19.53089,52.54877,49.64066,23.37606,47.43604,17.55192,13.03675,37.45423,16.59741,36.72785,16.38809,25.8017,35.07339,40.11383,40.54052,33.15075,51.05418,29.38604,28.47845,25.09483,24.52243,37.83119,56.79271,42.89655,25.3195,30.61869,65.11654,30.5603,30.92323,24.13152,24.78769,30.48384,30.37884,60.4392,27.80489,50.89053,32.50689,48.82503,17.19792,32.83956,60.20259,37.39825,23.45054,21.00984,58.06726,41.73478,26.95778,14.26444,27.44142,18.35718,73.08022,30.25573,68.90735,54.93422,41.44268,84.6673,24.19912,57.58323,41.44393,56.87397,31.48238,35.95667,34.76911,23.8976,42.52546,49.83357,58.19594,32.2883,28.39597,57.83469,51.98404,27.21995,65.55509,67.02982,58.12714,57.19796,21.37791,18.67102,88.74728,48.25947,
30.74705,74.06338,45.91071,14.10991,23.25754,28.4024,35.68102,19.99248,39.28037,56.65611,65.99963,37.00873,56.51444,75.47815,64.70464,20.16202,25.79271,40.17928,48.07081,57.58931,19.57301,64.73153,47.68905,47.73711,29.08805,58.37069,47.96598,33.86296,58.90088,58.96119,61.32555,53.05724,26.32337,40.27506,34.09684,31.12604,16.55906,32.57702,40.4389,33.27663,30.47663,30.69975,28.37443,35.40867,36.52882,30.34736,23.84446,49.52198,88.57785,62.30146,46.06189,41.36842,37.87064,36.91174,22.35603,20.03904,20.46221,39.71352,33.83946,27.7894,42.82661,22.01159,48.43974,33.10646,55.62893,60.00934,69.41727,27.52587,27.71822,0,40.72149,28.66884,31.52613,19.96836,39.77328,29.28565,34.04501,63.95135,17.67539,65.33636,
17.38824,16.9725,100,36.36574,28.07349,41.93776,47.2586,31.4331,33.12058,16.96991,36.84365,31.22378,53.04955,37.10026,63.69453,21.77114,38.84912,43.48033,36.21608,57.65838,49.11559,32.87382,48.42109,29.83612,33.53462,11.27551,19.23287,30.15393,33.91217,34.56244,28.24014,32.53938,30.14772,29.60675,68.13409,23.93828,74.2037,32.82852,39.49087,60.73968,84.06618,34.20835,21.8348,52.55284,33.23591,44.25512,65.47005,67.16056,37.36475,35.13413,43.69505,46.50179,49.15814,48.08655,29.30168,35.72062,27.05581,20.72193,58.81187,36.59622,16.91072,37.26681,33.09276,64.23583,32.2616,61.65305,66.55413,13.09143,37.20526,31.6136,27.60085,20.60192,35.3289,58.06849,80.58921,53.94885,29.92988,87.94253,25.31363,55.03056,
58.80272,54.76507,37.81044,30.22499,28.12263,38.06737,46.53443,21.66388,53.01903,31.40898,21.33129,21.31769,15.65637,29.04914,31.42559,0,68.01183,36.21446,36.84433,30.45332,48.09352,19.1208,53.08891,39.16146,31.5433,34.06526,34.44604,69.87456,18.00585,33.42692,54.61235,22.65944,31.8013,70.40536,29.74113,27.37121,22.43309,31.13728,50.11837,30.34146,47.53973,24.3585,36.8451,28.56524,53.04251,53.99215,32.6252,32.8015,20.50692,28.52975,65.60519,43.3607,47.97237,18.86692,34.97966,30.81779,28.25315,54.93293,31.20149,46.19252,49.57849,52.56974,31.91147,29.89662,25.71569,27.06483,48.39919,33.80313,54.1322,47.69508,40.41386,39.43224,27.1176,23.43909,35.74256,58.43789,35.28429,40.62615,80.34875,32.95372,
24.01964,35.39044,46.23801,34.76395,34.60844,21.45158,55.70287,29.87011,59.78622,35.29695,33.0863,35.27834,19.65938,57.42006,26.64701,52.83006,25.4758,33.20097,28.73675,19.27809,31.32362,54.64925,24.33649,40.55963,18.80261,22.27752,46.08945,56.75721,28.25593,66.15893,100,32.09058,64.75581,23.29957,53.20755,30.22091,70.42941,33.96499,26.01898,24.2186,31.03518,33.15287,70.23554,36.4094,24.01702,29.98271,35.02161,43.62462,30.6434,34.60248,56.59943,47.29763,69.01722,34.27053,45.19457,40.54142,48.3988,20.97171,23.24779,40.21648,29.2913,50.06459,32.5775,30.44824,51.99958,28.1416,45.32626,39.75184,36.11883,62.5845,60.79451,20.48907,44.96782,36.40731,58.96565,64.0832,38.17693,17.52412,37.64115,60.40205,
32.28909,32.63241,28.18005,61.98748,52.57894,6.350851,71.9092,18.39736,38.91719,29.69072,30.21661,26.80177,43.43079,27.64178,61.08472,100,46.56591,34.85414,54.91403,43.85401,29.07665,22.2005,27.68026,69.2671,28.54303,22.02169,31.12686,68.53299,59.49495,76.49911,28.50318,44.61279,81.1842,31.80616,24.81912,34.20397,38.64584,27.67436,21.00238,24.91266,42.79916,26.59349,25.94692,18.22451,51.99251,42.04212,29.39701,27.0453,33.69549,83.02675,58.35836,46.45576,59.03289,32.50657,20.16052,50.24589,62.14174,68.40768,17.4451,34.79713,58.01283,63.19937,24.70357,48.00265,22.23438,33.72718,55.09142,45.3367,36.9008,80.1859,20.15423,37.01229,46.70267,28.63639,35.8292,46.7253,57.83292,45.58787,48.28925,35.57813,
26.32699,23.30405,33.87589,40.34403,24.01675,21.36213,35.4134,53.9632,19.58825,36.36429,31.52228,25.83559,23.86979,27.26118,62.56031,29.99812,37.26597,62.39384,91.08784,34.02271,25.28338,31.30412,35.62033,52.73381,29.06216,37.14006,24.37878,74.35175,30.52168,28.87998,35.17461,47.97545,28.18985,23.53614,22.55679,37.78968,28.92847,51.81557,21.6339,26.02547,33.48557,60.39679,33.76672,43.56394,24.56198,24.21364,42.74341,29.85317,16.35043,33.58408,43.85732,37.99567,50.35844,83.92732,67.31021,37.75587,87.34139,24.40724,36.62156,24.94739,22.20043,21.36121,89.98347,57.58392,32.59209,33.88552,33.64696,39.48917,56.13836,60.38783,23.97111,53.73215,20.74829,20.55134,49.61266,27.38217,35.90268,22.59549,44.17078,50.75679,
24.70841,86.36427,31.9384,45.1244,51.2454,34.98689,44.77458,28.43434,72.57471,42.03417,39.57349,43.6027,38.10236,19.95199,100,15.11526,31.90734,50.2241,49.54623,58.30164,47.93938,32.70085,48.54665,35.28395,54.19451,23.17738,21.4692,21.07853,55.43726,20.42937,24.4334,25.73506,36.90152,33.08411,34.64143,26.64871,18.56233,18.54042,42.08957,64.5036,36.93262,36.47699,66.31065,37.05505,9.58724,67.28955,40.87082,17.98865,29.80439,66.64971,53.75184,16.0664,60.46907,39.00748,28.0705,62.52481,37.832,61.11206,61.22644,30.2092,24.36895,37.04205,72.73289,32.62433,61.66895,53.8414,35.49158,29.64027,64.96272,31.81854,58.60555,33.78437,36.3922,43.41201,42.49609,38.04606,26.95495,38.59927,61.30161,41.79986,
38.14337,23.12276,27.92017,39.78203,24.20844,28.71454,41.49228,25.40145,25.93461,38.35428,35.81848,15.32967,57.55133,22.06072,35.18897,32.88788,53.1464,55.91635,86.72866,38.64046,20.01723,19.06515,31.91743,54.00407,31.39589,61.86908,25.75406,23.73247,24.82177,49.97302,36.86833,35.80693,62.67604,32.9501,65.61813,49.87508,40.06063,37.88702,31.79096,58.42717,27.8755,57.95886,59.86084,56.72762,56.15747,65.11601,40.98567,26.51197,27.15042,15.2128,36.86697,34.29136,33.34195,20.64329,24.11401,43.66388,31.62939,30.59942,37.85532,41.17083,29.48311,22.7571,47.50394,36.40326,37.85459,32.73941,41.52784,44.21491,44.62984,62.1858,37.64397,49.04836,69.79522,55.73183,34.87838,27.12914,31.45729,59.37535,36.35175,24.68524,
49.31103,64.53843,34.86134,77.46761,55.21131,24.37746,32.25253,52.14003,17.4895,24.4806,31.56649,28.03543,23.10629,31.54007,40.88801,49.28033,30.32977,42.77718,27.43311,58.75726,34.18994,32.35194,31.9467,42.46885,29.04445,50.63184,37.60804,21.72802,24.45162,53.19403,58.9271,33.09433,29.41576,28.49894,39.38397,27.63815,66.8968,68.17377,40.42561,53.45796,35.81032,33.60719,30.50869,33.36418,29.33677,33.49601,66.85133,45.41515,33.66904,47.77245,40.19046,25.8049,64.43465,26.92074,37.03379,49.78993,25.91231,24.40349,25.29839,27.91463,46.21622,75.82725,30.31911,26.64629,41.65833,88.00872,35.4127,27.75157,70.92882,28.84947,56.14572,40.62954,43.18397,35.26405,20.92459,22.07369,31.75402,59.5313,21.4784,70.54478,
42.01553,65.17539,34.09214,16.8139,54.53718,43.57005,44.99054,35.31825,25.00902,48.62375,29.17712,32.94328,32.21007,49.53716,74.91834,58.48562,53.01043,37.08725,60.07453,45.96896,25.66236,51.17835,37.32506,27.18567,47.23624,50.00841,38.52037,50.21555,34.62588,16.85481,30.238,30.6329,34.61045,34.53984,58.49122,19.95857,51.2473,35.69714,83.43214,33.03489,42.16376,40.38095,42.45016,30.9163,50.90451,63.95061,72.70161,26.6359,17.69154,55.87372,27.90125,64.17491,33.20679,33.6881,59.25465,27.03725,27.19951,35.04408,38.17719,17.50943,38.49577,55.15973,35.50504,35.82339,38.63117,31.29455,59.15879,37.9427,35.44416,59.19418,33.15485,64.63474,24.22208,32.03912,38.82417,28.30612,22.6788,27.4202,100,58.52287,
21.82425,68.04356,80.28121,33.23278,43.50491,30.86675,33.32597,27.99221,18.91823,27.45488,15.76334,71.99815,44.19712,32.00762,52.53598,100,42.9406,46.42568,30.51096,37.18994,29.77271,53.15824,20.53438,47.29653,19.9319,32.80268,38.56283,38.45827,27.66335,21.80256,50.31398,28.40691,52.38723,78.40018,29.62559,38.79077,40.36758,63.07957,73.46545,40.86615,38.15675,29.38033,41.20618,39.22788,25.7792,41.80329,49.04478,36.55846,38.41431,47.58895,31.06573,50.73404,27.44204,36.78215,81.53146,34.80516,56.12828,77.52292,42.02882,59.90471,20.57668,43.7368,30.55611,19.83414,26.71141,38.76694,30.45268,38.73151,38.53144,31.3419,46.00986,29.08713,51.38292,37.06726,30.09588,51.64982,34.61344,29.16236,28.19213,32.52675,
39.71868,22.83262,37.76325,33.6398,45.45077,63.52726,34.34456,28.76089,23.76399,30.10501,39.13918,17.81855,51.80839,27.32146,36.77526,62.23024,40.09702,58.16486,29.04593,41.15055,55.57508,38.88377,31.21549,36.30724,36.91978,62.18974,59.91693,59.76835,73.62032,82.30278,29.56694,84.8332,55.09155,24.08599,25.25237,39.20135,29.63866,54.19562,50.5859,26.68328,27.12636,26.86318,21.78163,35.35313,33.92273,19.61228,45.8766,51.66525,22.87936,39.3345,49.56242,49.90588,43.65467,26.36178,24.69931,57.05645,63.19459,32.39968,33.10709,24.75077,24.33663,20.91726,30.02837,60.34845,43.87019,41.84949,55.67144,24.01376,23.15553,24.72065,27.35777,51.69379,36.53498,43.89381,46.8134,50.93452,33.1351,37.03544,33.69067,29.37618,
36.22877,54.7438,41.25539,50.3796,31.10266,55.98284,62.54797,36.39598,56.48632,36.33722,15.19503,26.84271,30.06712,70.77464,77.62282,26.03215,52.88045,28.94732,33.22243,23.84439,62.10509,38.57865,30.41496,34.01932,34.61131,37.3083,33.54021,36.87026,66.48778,32.28479,26.35399,19.32131,26.30053,55.06038,27.87643,51.81587,53.94266,33.60971,28.00758,36.25838,35.09073,21.31415,46.06861,40.58277,17.97179,20.94422,36.65026,36.77317,27.66999,40.78227,55.77705,23.28924,60.77622,33.84142,57.9655,26.56277,46.39607,29.99132,23.21831,26.27597,42.1059,31.45851,75.59486,25.60811,23.94125,37.66443,86.55468,27.01937,32.74424,33.53572,34.83822,40.69245,32.55529,23.47253,33.00085,44.31816,24.62971,21.75177,31.19158,28.73952,
65.16972,42.86293,53.1037,21.11966,14.49348,53.93694,57.81353,65.72471,30.36868,24.80505,29.92042,63.09076,68.41779,59.72614,61.57776,78.93036,38.15344,75.96459,33.86925,30.42612,36.99324,60.30404,48.99794,56.28529,23.47741,50.80131,53.62623,24.93657,28.10265,43.19183,29.79163,29.68682,53.99223,25.72829,34.27073,43.77383,26.43686,33.13538,34.58096,35.64445,85.05672,20.23166,45.52212,31.19432,33.16006,36.73502,33.63916,40.42471,43.14464,83.03541,28.28748,27.73323,23.92833,78.88496,28.88672,17.86634,20.78114,43.13914,66.60889,54.39143,62.15878,58.15281,37.65788,37.55568,32.16808,100,50.86099,50.94638,43.82983,28.13238,67.85355,73.73582,36.4696,15.25153,38.85363,44.24586,25.08179,18.38502,64.64864,64.29362,
18.31138,33.29186,52.45263,43.18144,73.44289,53.23884,32.69577,57.32342,41.02371,27.08644,62.91343,89.99179,39.0798,50.57892,64.87801,39.4371,34.4069,35.44242,21.86562,26.50321,61.4421,51.27235,24.51481,56.13706,41.20171,41.70486,59.2141,31.65752,61.63374,21.91368,39.58751,47.04076,27.904,30.96984,26.4159,28.38094,23.81994,30.37481,31.18092,30.69422,28.18442,31.02842,62.52305,27.56011,37.69707,22.10705,32.25396,26.52986,57.08012,16.04774,54.93763,47.98338,46.01667,33.49724,31.72472,29.63581,18.26913,21.8436,36.6751,89.73783,52.64906,50.23655,24.56907,45.28033,40.64582,58.36301,17.88999,28.29022,50.43192,31.72675,46.21009,27.21575,25.21383,26.74505,28.92933,30.92645,26.0139,19.28597,35.33561,23.04785,
29.49388,39.75341,87.12681,21.69195,19.06296,30.41453,33.77323,37.74282,85.91603,47.95843,27.2833,19.28745,23.16971,40.39431,35.86277,37.39932,38.00391,35.68859,17.44299,66.99245,20.36442,15.11203,48.05664,61.32705,19.27097,62.27693,26.0365,57.3986,36.27686,46.19501,48.25909,25.74332,51.89497,21.52396,19.93632,28.78144,35.61163,24.87632,46.79424,27.44976,28.94562,25.4291,25.39846,34.41399,48.27763,73.76978,27.73192,72.00289,39.89325,57.40291,57.29135,45.17972,57.79961,34.50734,33.93335,30.61698,54.59566,15.75429,22.27645,29.91446,53.47452,23.29847,42.11515,37.17873,63.60879,31.72344,30.15046,33.72204,60.00597,28.24338,35.59655,27.22281,38.02229,35.66522,41.00261,24.7401,53.97174,27.37605,47.48587,49.82253,
28.48126,35.50467,34.13656,40.84505,49.99617,72.92264,37.24546,27.53318,46.56936,32.2374,24.59511,39.63372,63.67174,33.58358,36.9556,28.68261,45.84121,27.87992,27.15803,60.26131,41.01859,40.41489,24.53758,43.54459,50.87674,31.2678,39.19068,33.65622,36.24141,53.26305,39.03118,26.69094,29.02096,33.94365,39.30709,34.36319,43.86831,67.07133,55.63654,38.17714,40.30891,51.6034,66.63828,32.29206,38.75877,25.52098,28.83891,49.14231,100,24.42616,21.24949,48.27944,39.948,36.57013,30.71452,23.99519,40.30129,31.46726,58.83461,29.66929,42.41373,58.30577,72.21621,36.49482,54.57264,53.53433,57.92492,84.03293,24.84814,48.714,36.59058,30.87751,53.99155,42.12822,19.79454,58.93372,19.35304,18.67725,28.90848,26.8864,
21.91937,34.75067,31.58616,64.85461,61.33752,29.37256,61.23703,24.48466,52.24565,39.84318,63.39586,29.84259,27.49454,42.89232,29.94328,69.18812,35.24922,42.99224,58.04275,27.21769,66.0069,29.10114,33.67338,18.58385,38.43385,53.28782,41.16958,39.49937,36.1434,30.6315,33.15314,45.91769,59.94441,62.16296,27.62344,31.42497,29.27675,55.86102,29.84864,31.38156,58.59521,75.54951,25.55285,46.1626,37.71363,29.45972,36.79349,41.69621,69.10919,41.14553,30.9997,43.84812,41.94793,29.75414,36.34557,45.59621,32.37546,18.77761,24.6674,39.67382,39.94504,79.99971,43.43844,37.80767,46.06672,47.78172,32.57898,42.58342,84.40975,44.03807,42.03654,64.94469,44.57569,41.49308,71.97376,34.87638,16.52821,64.67445,63.78751,40.88606,
31.72781,43.72282,28.45233,41.15829,43.97814,28.48904,28.07063,52.09115,53.14268,66.66148,34.40456,51.91901,57.56226,23.90207,59.3498,48.8209,36.66082,35.38473,34.18956,48.0486,59.66473,46.38185,29.5661,44.16714,52.88556,32.78806,39.89052,25.28529,30.0273,41.90571,39.96539,60.18768,25.73107,24.5428,31.16176,25.9311,28.81902,60.27035,43.85204,65.00919,49.57775,46.15454,21.43631,46.43636,28.14858,22.6793,54.14888,23.6736,73.45903,25.04713,31.74408,85.0734,31.34944,65.60666,50.97644,29.87939,45.96853,33.7703,70.81261,26.59447,49.88139,39.14868,41.79845,44.85818,64.65373,29.63835,59.38293,20.83184,30.12774,66.06609,32.79845,41.73343,18.66556,32.54405,35.79071,36.53269,42.17025,37.85952,30.97695,8.451242,
26.99112,26.88934,61.93881,34.63471,38.92683,25.96184,25.52396,70.48621,33.46231,42.73568,40.73929,32.53621,77.73849,49.83344,44.64553,62.32836,58.79271,40.42421,22.07157,52.31769,43.50896,22.79196,35.73884,38.50759,27.84899,35.79011,44.58832,32.82435,36.53026,45.17547,30.74403,36.42274,51.06313,39.86774,24.83875,28.05002,26.49734,31.72646,31.19027,100,42.76816,38.95533,34.15556,28.62831,55.99117,49.57206,35.91235,15.82507,65.13679,15.21177,63.61564,26.65866,63.36585,22.84604,33.9384,32.3408,58.87013,30.33864,30.46302,25.89459,50.41832,43.50807,70.55756,25.94216,43.40448,62.27356,52.00528,40.18716,24.80585,33.61232,79.76407,27.41522,37.62994,33.46305,91.6647,26.37804,55.72328,18.75666,49.27895,17.51844,
34.17897,26.13911,24.61965,53.24086,31.63638,100,26.81816,33.93701,25.23424,63.44915,42.00954,32.09048,29.41574,59.36806,34.45898,40.05338,35.0969,31.8332,63.24463,31.10003,30.62528,58.96781,46.66296,21.18294,25.34965,41.28653,64.66226,50.22289,35.28154,35.92379,24.76541,39.59635,41.33798,23.71843,21.72126,45.84304,34.28917,34.49652,22.64628,64.2198,40.72168,26.42368,75.70124,73.57207,45.70261,54.70777,23.99164,19.08363,61.48804,26.09667,24.51131,30.58792,51.23298,87.0697,18.92116,44.1367,18.40251,53.87887,53.32003,34.37213,65.14749,32.09396,38.09624,37.90505,24.27327,25.8034,35.12511,43.16291,34.51027,76.47486,19.75226,27.90737,52.96804,60.5486,24.55784,39.51267,54.19581,33.8996,26.72208,16.63435,
43.21278,38.33149,20.48164,24.39939,28.4861,56.58308,41.30558,20.38552,38.583,39.79294,59.58265,17.9427,55.13573,27.53227,45.37981,32.42852,38.07886,36.7074,34.15245,35.57376,50.60218,34.9733,31.48094,58.68285,34.3639,26.74126,22.86919,33.20969,47.73936,17.04336,40.5694,36.54742,47.85638,60.62173,62.87719,39.80352,32.16621,29.19994,33.16827,44.62628,24.54264,40.9269,31.99787,54.52045,32.74492,8.078414,59.50756,25.71271,46.54975,27.03445,21.83246,30.89669,23.50526,24.82195,35.93974,28.34494,35.41988,31.40126,38.77995,25.06169,25.61779,35.85297,27.57103,59.70898,56.26828,40.75977,40.33945,27.7987,30.06482,45.65916,34.8057,47.37444,38.68105,29.35041,73.56578,44.54641,24.47362,14.4915,23.34787,43.49065,
46.18808,41.82532,37.29908,44.22029,74.29322,39.19198,35.26604,34.11671,39.55157,31.04979,29.02414,51.60685,61.89099,21.27775,41.89524,20.7987,60.63318,47.80982,45.57853,63.66029,46.2203,31.81933,37.97863,52.91109,36.19648,24.59495,56.07672,31.56408,35.60952,26.10704,31.24786,27.06237,36.30756,42.45949,48.54237,55.08939,28.83233,24.06612,33.16782,58.01318,70.8997,19.86491,18.05768,28.3712,60.38113,25.25175,37.46032,31.92302,26.50013,45.58218,20.84364,38.37634,29.35637,38.79609,34.29385,28.99458,26.68481,41.92335,30.1994,39.68489,34.29214,39.4081,70.56162,34.38692,74.14289,31.92589,34.26402,63.24313,67.83496,32.65667,28.39224,37.92384,49.3777,59.99916,42.52572,61.03773,35.07981,29.3216,79.45844,42.93042,
37.2263,34.55789,62.56076,63.89526,34.12715,28.75208,28.70915,37.25259,26.00351,43.94541,31.27737,36.95623,27.45535,68.65802,65.23939,31.77632,24.88676,37.03444,47.93699,60.73281,40.31385,28.84339,60.11499,26.25608,63.41754,66.45561,29.10332,17.67568,45.8517,59.40936,32.72625,53.09055,33.09588,42.94633,34.70992,26.00395,40.87791,22.42002,42.55361,25.21201,42.22886,22.41035,31.96908,47.56204,31.50834,52.42888,40.72952,30.87406,27.98709,38.29606,74.28156,53.81336,40.99328,28.75347,29.07491,50.33712,43.73824,47.89,49.14349,27.37956,63.54573,60.95727,62.4173,31.78164,51.65278,61.18056,49.76486,30.87607,30.08073,59.11471,41.67247,56.8825,27.64108,65.81422,31.13975,43.83636,26.65957,31.47129,48.37452,83.56502,
38.11897,39.7537,50.74905,54.26637,53.88725,32.16069,36.33921,42.78548,45.52206,35.71397,36.94742,66.78117,37.15696,30.96571,45.90235,42.53331,55.03527,44.71017,26.65242,40.69261,38.32265,84.83109,35.58274,33.78894,59.73142,60.19371,26.32356,43.28881,80.85612,64.94627,36.76928,29.9489,36.52847,26.45452,33.16243,87.27302,38.24077,28.38098,37.40191,19.29295,23.19034,27.90589,27.1426,24.8458,24.08263,49.05548,40.28669,35.39581,56.8161,38.78753,31.65961,43.77856,32.66203,57.6344,20.52556,83.68946,48.70908,52.92203,29.1181,19.68383,42.96853,33.56109,41.66246,41.51577,55.85057,29.81609,32.89647,54.22607,37.27845,29.69437,37.09091,46.38066,47.64301,36.58666,43.1494,35.27386,28.44426,57.55516,28.29662,35.26547,
27.0243,32.33111,73.23107,50.2048,39.66793,68.96676,39.97354,29.10634,35.81194,71.79308,51.42737,36.97491,25.52959,61.6366,54.95864,40.87571,31.04351,43.80521,43.07913,36.41924,61.32861,74.8969,32.45941,37.58487,36.7949,54.55461,28.06393,72.42191,100,43.66514,32.8537,59.03492,29.79852,36.77492,51.79345,68.32472,40.45589,47.2308,23.70723,44.75734,38.17822,81.24403,42.93017,30.93078,32.76545,34.04176,31.91405,38.70069,51.28691,27.57694,25.32526,26.09417,36.05037,36.54208,49.43665,45.2673,26.93109,72.83295,18.38496,49.3609,38.55559,83.6841,17.45338,49.93846,90.18092,41.67146,31.4188,41.91357,92.84058,84.75954,43.02529,61.50468,65.11491,43.12545,37.03768,52.05465,46.84878,56.87716,32.47197,0,
47.63356,31.42107,30.30014,36.05647,22.70321,19.4344,59.65524,70.91008,37.97017,39.51678,48.84608,38.38081,60.09578,38.29512,38.76136,29.36632,45.12263,82.08342,42.82615,38.94187,63.55348,41.72385,37.44404,50.74327,35.25752,54.60997,32.05105,26.85831,51.79623,44.24435,31.44986,35.16159,61.72145,26.85811,38.8728,61.37127,35.58916,37.97556,34.67188,41.27524,84.3373,24.42683,31.08193,35.38118,16.98656,38.27076,27.04875,50.72363,33.78564,36.74774,26.84603,39.07961,65.46674,28.85702,30.16546,28.94832,78.59299,54.19454,30.71187,37.94899,53.9945,46.79933,37.78869,34.56738,30.39318,48.23133,47.85083,32.84454,53.56591,15.18904,38.52346,61.0828,31.91352,67.72339,28.04575,30.47337,39.06385,48.77469,20.21042,47.50142,
60.67525,40.49508,32.45058,44.28904,34.78184,79.24632,37.11652,45.96964,58.24831,32.8789,49.8193,33.86378,59.63177,49.60501,41.54597,44.80766,46.10312,24.27043,21.49694,83.11311,38.58889,37.2657,64.23372,38.00349,60.62672,35.38674,68.57861,57.75929,64.95834,34.03107,60.77264,34.37166,41.91482,42.57375,38.85056,62.68445,44.65836,29.09052,52.40911,46.8492,53.00378,28.65975,23.14146,54.02187,59.09366,62.74106,45.92901,27.96755,35.68991,26.81447,35.62037,65.34076,39.86595,37.45894,62.924,33.11304,36.14996,36.70308,58.44257,36.28669,35.59038,31.84973,27.17993,67.45171,54.18587,34.28032,48.43183,54.22775,43.57696,41.05603,26.5229,58.01466,24.52525,60.30826,55.69238,27.15863,33.18925,30.10888,29.77243,28.70325,
41.76312,31.2172,57.78206,41.59789,25.89887,50.98378,31.969,33.16859,56.75334,38.98448,37.04689,37.35895,33.99171,34.90177,32.53216,40.32325,38.65981,35.15943,69.05704,41.8541,39.5395,51.0483,46.76666,32.53286,42.20955,54.41629,24.42454,36.78069,25.17307,46.99048,49.52176,41.07447,55.26685,35.66426,34.38301,25.8348,28.84484,38.1509,38.41629,21.36532,39.55276,26.25448,40.79265,27.96282,69.34765,26.69762,31.65332,37.43233,59.53577,71.47529,40.33497,31.33416,42.76628,39.09211,52.66488,15.31067,33.20204,19.00867,29.91917,58.67122,30.05599,31.38108,48.56749,55.99829,39.51982,43.44201,67.3629,35.49034,54.27,28.30052,39.8841,46.06619,36.02921,58.17324,30.20923,56.6882,21.01667,19.21641,26.9308,7.55542,
49.29566,34.34761,46.42679,28.85422,27.48728,28.50848,38.31086,56.37842,44.52338,61.523,28.76511,43.78994,55.1802,44.41512,27.58714,61.23386,61.01743,81.51322,30.18624,28.21799,41.27256,60.96987,20.96837,69.50452,75.35314,40.63937,48.69638,45.25396,61.86531,33.64365,20.4304,39.12621,81.03696,56.31005,41.65528,24.02285,28.88383,19.01933,38.66365,54.6395,47.61183,68.88464,27.41955,34.05301,32.90196,29.97977,67.67278,53.79602,36.39843,49.14771,29.90412,25.15611,39.77087,43.59382,39.61023,22.68197,62.47937,40.26487,34.90879,21.05847,39.38543,29.37596,59.93467,56.44373,69.84234,31.78469,65.15826,80.07745,38.8166,49.71527,33.48503,25.10052,37.01698,62.27055,34.36735,75.56847,23.82414,39.40263,12.66164,43.62542,
27.86249,47.93248,68.35133,34.1551,71.55298,35.41782,51.82668,39.80529,57.00208,27.9659,59.79246,58.3853,30.62667,73.64831,39.55417,30.75679,33.49496,60.3615,29.06974,21.81297,67.09022,49.88573,30.24406,54.24783,47.646,32.25964,34.90401,85.76022,32.02721,44.13067,27.06173,29.29613,40.04882,18.72252,23.54573,45.98989,73.52274,80.1337,49.09732,62.36973,35.29963,40.47741,25.90309,70.90932,31.90168,45.95606,50.13218,26.32887,50.88758,39.62505,37.74106,67.05111,58.49918,35.62245,33.32148,20.045,32.91558,34.87057,41.20784,66.6904,71.1835,31.47984,35.62088,58.57692,25.46774,31.7755,60.01079,57.85041,43.42555,63.19058,47.18999,35.5991,33.78968,36.30437,34.19514,22.88281,31.31119,17.62539,29.92437,34.519,
68.32028,42.56668,41.12379,31.48332,17.99683,54.45842,26.17269,77.62849,57.72298,67.00961,50.63628,58.58331,56.82485,44.5657,24.64293,68.62106,58.14228,38.63464,56.27638,46.83755,31.58759,25.92164,61.7193,32.687,60.13294,42.35751,54.85716,26.60925,32.55527,27.85292,47.8579,42.14852,46.15154,32.41855,66.12859,44.24158,66.00697,71.13109,42.80894,79.65852,27.00753,38.10442,25.27399,39.16038,43.9697,63.98135,45.91514,35.12746,17.84793,40.9261,30.30168,56.25585,35.0144,65.84628,47.44294,26.35124,39.58905,49.23844,53.66045,32.52597,42.29443,72.1561,62.42358,32.93558,67.24592,0,44.97615,21.60895,63.3182,49.27046,27.79362,45.05146,55.24409,24.4857,36.82187,23.85709,29.36435,48.48529,22.77817,10.52287,
56.51931,29.81197,25.38668,34.26902,57.10124,62.42703,58.45367,33.63802,37.56447,76.44923,28.95941,44.39841,62.65208,60.06952,17.1636,38.35502,29.60938,45.93613,39.0548,36.82619,48.33263,53.00477,45.52557,50.6548,48.13662,46.12981,37.49566,44.30542,37.30057,39.74785,53.30741,24.24606,35.88743,35.25421,69.37032,31.45146,53.90341,21.76797,31.0872,39.98452,31.01677,57.72611,25.17538,23.39082,31.22467,39.02574,68.75897,22.86296,41.70805,38.99445,35.25862,27.25453,25.61986,42.30737,35.16789,76.91904,33.81993,32.79549,73.34417,21.06403,48.0458,50.05842,57.52818,70.53349,16.03824,51.65763,33.76974,69.82991,79.1272,56.07659,35.97133,49.06229,38.13368,53.49792,32.11712,35.28199,18.319,49.08155,15.85692,0,
43.23473,49.31852,26.29135,20.20992,52.53949,26.67642,53.23064,39.51414,31.07546,38.22993,50.01554,51.383,39.86001,57.64486,62.54683,57.28416,30.56656,33.41137,68.88623,34.18211,44.15965,22.36856,35.07783,27.2346,24.22633,35.83195,39.01423,22.64172,53.93451,75.28511,37.49947,49.90644,30.25782,100,32.71631,23.31402,73.37804,48.92916,34.88696,24.74349,36.40929,25.98949,28.96725,32.56588,54.2987,34.51294,41.14531,43.48314,48.16304,35.24095,47.41738,64.43063,53.54123,21.39161,69.47803,28.75794,26.75305,34.40916,68.26917,46.74442,38.97375,27.39522,34.89137,44.11168,28.58356,46.24014,41.72397,51.9607,33.0245,26.72535,18.56557,51.69277,45.2595,33.90892,25.14355,52.78318,29.88658,23.5247,18.85083,52.78984,
35.82486,59.12758,19.21008,40.45578,33.36833,32.36649,28.64884,42.48303,64.99024,44.26981,27.92082,35.05938,36.53209,44.93425,85.92722,41.37894,35.1046,36.10765,29.45364,26.84013,42.84655,39.01981,48.00393,70.96017,43.15131,44.61852,40.26833,40.97778,26.38632,34.70113,48.81604,30.02273,39.18813,38.6012,31.84255,22.41068,27.40235,33.40383,48.8613,62.92219,52.49586,67.64599,82.10948,21.83366,60.26113,20.3541,31.76336,42.92084,25.25329,22.47387,30.51423,57.90948,24.87778,40.5703,31.48112,50.17496,29.38982,54.69688,51.6759,73.41077,46.13434,41.77596,58.2135,37.6442,30.08673,38.5127,38.32315,40.89303,38.71134,37.04385,68.30225,26.15619,38.4288,37.11972,41.33653,31.96769,33.18638,30.21165,19.77028,60.56782,
48.56911,48.54334,32.50173,45.10089,37.33334,22.72949,50.03576,53.95394,30.29173,37.98221,61.94203,23.34315,67.02047,15.2536,59.37608,25.67321,34.93538,44.4801,28.28946,88.70609,27.49758,28.97265,65.76491,55.55163,54.83236,60.89283,48.69666,30.7355,26.16793,27.25514,46.49593,63.60454,55.96042,38.55953,33.24976,44.05893,28.71573,37.46085,33.80579,39.80832,50.67417,33.37247,24.908,31.09397,62.3618,32.93785,41.47889,33.7426,52.48717,59.59809,52.90835,48.82713,39.68219,61.90157,57.8471,35.82782,53.35802,19.34279,56.17947,38.78097,31.36582,39.21788,19.19803,31.01374,10.68043,18.05209,26.59299,32.30695,43.5899,43.19506,39.22286,31.97388,39.2701,34.62347,36.00008,36.27174,28.69275,12.10162,28.29924,18.83129,
47.44976,24.53978,68.50872,39.79631,25.80792,63.93625,46.54126,48.73305,27.97138,45.87207,33.10546,20.88161,73.52562,41.93644,33.27967,70.10361,31.75957,22.71881,44.81515,71.43767,19.39395,54.11295,55.84318,29.90873,40.16195,62.55103,17.04984,35.69926,38.19272,81.0295,55.52933,24.21571,28.33816,27.35372,36.09928,40.57228,27.4839,34.00287,51.06282,30.74891,36.54261,36.59938,53.59172,46.20377,50.26341,26.52485,37.89083,29.2919,55.46612,31.46343,15.94495,19.47599,25.63225,22.23431,29.61924,47.63787,51.63581,32.87014,19.93245,18.17595,32.56671,22.19615,35.29846,28.88453,33.80109,30.83768,25.83784,37.78419,39.16475,51.48581,26.97727,19.15869,13.1274,22.03456,51.98803,32.89328,23.94791,25.89219,26.25489,52.63232,
36.54385,53.5899,34.60804,35.94004,34.14571,52.53414,33.02484,44.18322,30.75484,49.15022,26.65562,65.37669,37.84414,55.96463,28.28655,39.73394,35.998,36.44462,61.16666,49.40416,60.1349,42.92987,33.94555,24.80643,62.04536,64.05828,40.10843,20.31304,40.38756,15.41112,49.60271,34.48795,38.14483,26.26868,53.41254,29.99485,29.79178,33.14115,34.99033,34.09399,71.26215,32.37353,36.69408,45.20639,36.44653,67.2998,17.89666,50.54788,33.37404,28.38491,33.57489,30.81747,42.08906,29.43799,38.10218,52.76444,23.98909,44.03946,25.72457,45.23648,28.80217,82.18398,30.70893,37.55585,18.26653,39.47217,57.5091,43.18571,64.62975,29.11474,66.92375,54.60411,24.16173,57.71874,26.52769,18.48722,45.39899,27.48406,31.33837,24.61594,
34.65815,76.47143,64.88504,41.02769,39.23295,29.19243,44.82584,36.43843,87.96608,26.56076,30.90163,45.64401,13.6673,36.12727,29.35477,26.98297,51.49403,22.15227,51.07927,38.8727,27.97208,49.35284,31.03131,25.98354,22.15632,24.32281,38.58007,21.1877,36.84348,34.56944,52.778,56.44984,28.1129,25.47167,29.7631,16.33114,24.8933,52.38747,55.07298,52.22578,70.55545,74.40715,31.21104,55.19303,23.6687,69.51177,39.8682,43.72573,31.47417,48.73021,32.37656,53.25929,34.14364,30.11672,45.41288,32.60006,29.79441,33.62479,27.13026,25.62063,30.01062,88.80601,50.09744,64.49275,22.57449,42.19746,13.25716,73.2199,43.35112,60.63676,31.75876,36.73026,44.41153,82.45109,44.8441,24.11995,25.0223,33.80486,22.80884,10.90298,
72.85433,56.31516,34.19258,75.86947,57.90067,35.78782,47.08428,60.32246,46.61546,35.28432,48.88671,30.22624,24.47279,65.16476,44.17021,21.76817,21.94365,29.12164,46.55454,27.8547,77.13516,44.40463,33.72379,27.43892,27.98004,23.63568,40.06839,28.51794,39.62468,18.10898,33.86747,83.63129,57.37782,24.52202,23.85927,32.85279,54.28961,29.11933,32.53726,21.92911,29.67923,21.88732,60.26017,43.72894,19.53483,15.38278,21.36335,40.62281,51.16896,33.2726,18.5715,48.62882,34.38374,23.60445,29.43293,61.16838,14.60411,18.51836,33.30559,60.38653,12.50881,22.35016,21.35668,26.91985,36.78402,25.90651,24.84042,18.83386,57.26826,20.34472,24.55665,36.77536,37.45455,22.47581,100,28.92145,35.58559,0,29.33167,22.75503,
35.73395,38.43103,29.10423,26.62823,32.95409,40.65595,42.77025,20.05918,26.80362,27.98092,69.96598,19.67227,29.64208,32.88651,33.95741,65.14382,31.96656,59.79733,19.98159,30.2316,44.31949,25.12841,54.53667,59.37556,55.17218,56.36684,37.80855,18.79864,29.12544,19.26304,51.68,22.32282,27.49781,45.92877,55.48152,76.73817,49.47969,26.19028,32.61819,24.17919,28.44854,59.7655,59.30375,19.97471,28.01504,34.99545,20.18203,28.93896,22.09969,38.47147,17.88065,21.46507,44.89865,88.63675,32.03207,21.11999,34.1758,26.54326,19.73611,14.28778,28.7679,38.38782,39.51752,52.08346,21.2058,18.74477,25.6904,24.05367,21.7335,51.68428,27.30691,89.42963,28.9037,21.97247,33.26654,25.10742,38.07076,15.83136,39.11367,30.61211,
38.74945,25.10498,34.09091,30.91928,21.18352,33.92006,45.06853,64.16487,76.65804,23.89068,27.14024,31.44553,47.19381,26.99481,53.92168,57.00606,60.99096,45.66556,20.27203,20.73158,35.80613,34.97756,54.70047,45.32413,29.37904,64.58298,42.78677,90.94838,32.80624,31.44614,40.0591,32.05458,60.69545,52.693,44.80142,21.15324,56.84164,59.75295,27.78183,67.85184,17.42548,47.9577,37.39029,31.81217,40.21577,44.28838,46.50454,18.2602,43.41768,24.1162,43.67709,17.15354,19.6348,58.75776,30.89472,33.06343,16.15718,30.9513,21.54555,35.74136,21.2374,39.46772,30.87377,46.41219,17.84384,49.20549,34.01234,47.49963,34.70534,22.98219,20.59569,57.921,57.95668,18.78172,23.86922,46.92385,10.17598,0,35.8145,11.08702,
35.78065,27.64496,40.00542,46.10975,15.8684,71.54315,43.21186,66.75993,38.78421,29.03946,23.49181,56.23264,29.44767,40.50463,34.01674,29.19713,50.55647,34.71317,25.80819,22.01162,19.34127,22.68635,50.99086,27.57054,60.24016,34.86544,23.44373,30.91836,37.53965,30.79691,34.1808,51.7465,58.47785,76.85385,20.8556,14.77188,15.61719,24.15428,32.98529,37.34602,30.32685,46.01783,27.59888,67.80198,48.97132,43.44855,49.43454,31.41319,88.34692,41.78462,48.9866,32.14275,40.42712,16.84199,52.50854,22.67824,22.02581,31.72215,38.21159,51.93661,17.98737,21.405,26.72985,50.91416,16.42632,77.79273,24.82859,28.90459,51.38409,39.47962,28.99805,29.78026,22.51058,35.28687,36.94283,30.00282,20.87768,31.18327,24.56704,35.18418,
48.63387,38.56765,45.34838,32.8066,31.05494,46.48194,24.80588,31.45294,27.78298,30.96701,43.59024,24.56278,32.06966,30.20646,45.68319,46.77326,22.55534,14.97223,33.67246,46.95006,24.05542,22.58885,26.81188,19.51151,51.69439,31.37427,38.58784,29.34457,24.52423,20.87582,22.77606,61.05498,37.59742,25.76245,17.78032,19.22164,24.92105,31.9277,53.49926,53.02033,29.13771,20.50963,26.25697,34.29976,48.43922,57.5162,53.16947,29.13745,39.972,20.84655,22.80995,61.01112,39.66243,23.26174,27.3217,17.27113,23.36138,17.01048,38.43571,20.50734,31.69103,16.88901,73.01534,23.14505,64.30866,33.74621,16.21386,55.94754,20.51669,18.25646,47.56759,45.44228,18.52043,76.42303,22.56187,25.36798,20.81807,33.19239,38.59206,28.79849,
61.46928,35.72867,34.53795,54.18391,42.1233,47.28139,53.88251,26.30112,55.78318,37.42569,23.82675,25.38333,26.96859,27.10509,32.63995,25.91249,43.52654,18.98569,30.63954,32.30508,14.00673,24.93538,44.09203,19.11926,23.15764,16.69093,26.35368,26.08627,45.86436,14.29582,26.35073,21.52282,18.64495,45.937,39.69507,52.26041,25.24935,29.14522,27.17823,27.37749,11.13412,28.73682,23.60135,64.27164,66.13884,27.18058,31.55538,44.03581,100,22.33761,20.64455,36.82605,17.63679,35.26653,42.13634,52.41876,22.15186,49.55495,54.47838,18.53986,48.16141,100,38.653,28.16434,31.24577,23.90493,18.41095,59.51625,41.80396,15.18601,11.83722,21.30244,29.29358,44.82328,17.84919,66.70004,37.20664,39.45715,21.94937,17.02776,
60.72473,55.59436,43.21235,23.30959,37.33212,22.23777,25.10444,23.8458,15.68505,34.73754,43.32817,28.33164,58.90021,29.75561,14.72655,47.41193,22.89553,14.11156,50.36473,33.55924,51.72755,41.47438,45.05663,22.58343,62.25049,56.57658,22.40978,65.07901,26.9155,53.96672,36.5437,50.61818,10.94312,28.65374,48.41859,26.66375,24.8681,40.32119,30.26238,55.96962,83.38236,23.07654,17.82108,33.27611,17.08307,29.61335,48.38256,21.85159,27.30051,27.10612,18.87422,70.83306,35.96424,22.19515,35.65953,36.30245,24.48377,32.44481,43.96709,13.56312,62.57602,44.59385,34.40849,28.80728,15.20021,54.8199,20.11499,23.5437,68.66316,52.79609,17.22779,69.90491,27.53076,36.43535,0,39.36557,50.76926,14.0485,13.36566,41.59234,
44.02551,30.9697,43.50978,23.84962,18.93238,34.72661,21.24763,15.8019,27.80776,32.45794,35.80841,63.5289,20.127,43.9864,36.68195,52.48509,53.99586,58.40531,43.48678,36.73093,18.09626,47.96266,34.46238,15.1588,26.87985,44.28033,40.56845,34.52493,40.37235,60.29346,15.37892,58.29856,25.59868,25.12667,61.1825,56.66788,37.22236,22.28336,19.69436,14.00238,17.73479,56.75314,35.02649,42.24965,50.87664,30.12692,18.73404,37.56503,24.01589,29.90725,36.65028,23.2641,31.64283,35.45992,19.15107,13.19654,43.54766,35.81451,12.06036,84.21246,17.48577,49.69954,62.20409,32.85984,24.3625,31.53951,49.55222,34.22565,21.94001,66.73398,35.2964,43.72879,38.59028,32.77565,79.38966,27.69958,83.47583,30.87658,11.5538,15.91806,
51.60959,68.29356,31.38651,44.12461,67.00433,27.86524,71.98258,36.00428,35.14,24.8062,42.04121,48.81553,20.67963,17.89101,32.35218,28.81321,33.10122,21.92815,38.44067,15.3701,66.48412,25.85468,34.1334,19.28407,28.21847,26.61929,35.66607,51.20216,51.71672,25.93471,18.09359,29.16494,31.63633,39.47986,14.28273,28.60883,23.93705,23.86081,16.70863,0,27.15832,18.53607,28.71043,52.4418,58.08454,61.68228,26.41571,0,29.30265,21.9844,25.30175,7.469148,25.98598,28.69644,26.79049,100,27.36345,22.12192,49.58138,42.02589,27.16089,13.974,41.38326,26.55307,71.40575,29.1392,17.90004,32.98782,66.42059,46.20638,22.81339,33.78191,34.66401,66.14492,25.98963,73.30026,62.77532,16.32017,30.47107,17.30489,
50.03539,25.26395,22.73278,100,41.09316,38.4174,42.39445,32.13698,32.50655,36.76302,26.69996,28.27044,34.61982,30.4475,40.80912,25.49902,28.0275,44.14946,33.25769,23.46721,39.71466,28.85515,55.98331,35.96218,35.16251,31.9034,87.80151,53.33328,21.92959,49.85387,39.71582,39.73048,25.49187,13.07457,14.6737,27.12207,33.57013,32.59588,15.096,36.66905,21.20179,49.20828,56.68905,57.88887,23.62358,34.62329,33.69451,44.5052,19.92422,44.13436,40.11998,25.03867,26.18725,27.67042,44.13506,25.42259,63.80378,19.99048,29.52034,70.16921,77.51183,13.96888,42.12986,47.94447,52.27282,12.34561,28.12002,12.83623,16.95704,51.27865,88.82143,40.27033,22.04853,13.67999,13.87091,24.68668,100,48.2327,100,15.67747,
73.67761,33.76932,40.53147,25.31671,53.16211,52.86616,26.42506,55.54339,22.71048,54.74495,35.92451,58.35698,26.93746,31.75014,57.87287,15.50358,21.09456,27.90353,43.38812,70.57951,58.86655,39.55505,56.78456,86.03578,60.54802,80.99862,28.00127,43.91656,62.85705,18.04494,56.77763,31.31366,10.30639,42.13709,41.62781,25.04845,27.8116,9.955476,25.95616,62.93012,39.09187,31.22126,24.48922,26.50592,48.69207,30.91524,35.67683,26.11949,45.38609,16.96283,36.70939,46.34863,24.37499,48.69102,14.82024,0,16.94542,53.04466,15.7242,12.11704,25.32546,60.0438,30.26841,43.77749,26.82164,46.30679,24.67025,13.60791,32.29378,34.19783,0,60.18227,41.02633,19.39296,8.80964,28.56055,41.46867,12.95173,100,29.50422,
35.94243,33.3775,47.43139,37.75776,29.95903,27.04912,17.04966,26.83192,19.82231,25.95279,22.06362,23.23123,21.97322,63.49782,51.53613,26.49704,52.16036,24.00462,28.51897,42.27399,49.95314,58.72904,29.36506,36.97387,29.0261,35.89267,45.96859,42.75751,25.29492,51.27571,65.34425,13.193,23.8397,26.73183,36.41888,35.22059,20.44247,31.95657,100,15.84885,36.06161,42.55949,20.97432,24.75312,21.17017,11.38299,39.94053,17.4631,77.78913,26.18959,72.96088,46.68171,54.87393,41.89646,23.39198,19.24529,20.50285,15.82331,33.40136,49.23917,78.08949,63.80684,27.70879,61.55379,27.50542,17.39033,12.10476,0,34.86483,31.72506,28.70775,100,73.78333,47.62276,10.36091,24.86046,55.00681,54.3747,15.28397,12.95552,
37.89058,50.25522,36.30851,45.83547,19.18517,89.02146,23.7486,28.02868,70.29917,16.8987,32.248,46.20991,61.68594,20.83828,27.92419,34.6194,0,34.06444,25.51548,20.24221,21.82757,39.01165,36.57256,54.76605,30.77048,42.51237,46.02026,52.11966,44.74594,48.32281,17.45884,27.77671,21.20008,18.92508,100,11.00045,26.06879,22.23002,30.26793,17.37182,14.122,28.93452,24.72757,11.71066,21.87752,80.3033,40.81487,15.40375,10.52956,31.17322,37.36135,23.84513,37.65593,53.31045,60.60221,43.01336,20.32389,13.01866,26.98463,26.51362,60.532,19.43657,38.69893,42.08584,18.90926,100,30.95781,44.95271,43.9214,21.3891,30.78182,57.37844,26.36593,22.22917,35.44696,26.45083,35.30553,35.62389,30.00764,11.06376,
24.33846,22.25102,58.52189,62.41135,25.53279,29.19981,25.32584,23.14736,23.00589,48.33495,31.00897,25.11688,0,56.2119,63.80579,35.98327,27.91049,23.40165,29.75107,24.54728,30.06355,45.90084,21.44108,42.73976,18.72306,47.10417,73.26523,17.34574,28.25922,23.48585,45.02016,33.03232,16.40211,50.23093,24.47923,38.30788,34.90654,33.13239,41.99372,100,100,46.34958,0,34.82071,50.498,0,10.50792,65.81233,100,42.15056,44.37199,29.949,43.7696,35.51792,56.08292,14.6845,23.15883,34.32562,22.11688,35.78033,18.42425,15.51931,52.10354,0,18.24899,34.42626,25.31735,14.14933,28.83011,16.09068,17.20215,100,35.83112,44.24125,10.57345,28.9256,30.45906,10.25143,15.2681,25.26973,
50.53392,57.83451,31.62441,61.26684,23.33541,27.65089,23.31471,46.81705,24.47499,59.96707,58.30085,42.89577,18.18506,14.54576,23.25714,30.53207,9.065832,22.26612,32.4719,25.98578,25.19896,34.74281,19.58522,36.20232,41.31923,45.67277,27.43102,26.66477,83.75161,19.32871,49.63662,39.42762,41.63015,81.91386,27.74988,37.11223,31.1991,45.42232,13.92251,36.15229,64.55186,12.72614,23.21491,15.72643,12.9317,22.40068,39.77893,18.37506,24.57498,75.93129,25.38416,65.77936,26.99744,24.57202,18.86352,29.08953,46.458,23.74654,100,8.497064,33.90912,46.43075,51.3318,35.11026,17.47731,10.68079,20.76416,21.71966,24.02036,13.21255,24.64219,36.21765,35.7086,31.44608,20.06007,34.43085,40.58969,14.65456,15.1051,0,
65.0065,31.4685,61.58622,54.46233,57.35233,48.73063,30.63348,40.42845,57.35938,60.43338,38.79436,54.64024,37.74695,55.32463,37.15728,29.50987,24.34609,0,52.8199,16.09638,25.3603,56.01578,37.49826,41.98202,45.97048,29.50165,11.92212,37.55736,39.60209,26.52789,35.16856,22.56159,7.558674,87.46706,36.76813,52.52996,29.84801,51.10915,28.12894,21.10509,26.69738,27.68381,27.36214,27.96806,22.15546,49.69081,36.10789,23.4952,20.85104,47.38562,17.66958,27.59275,21.59021,23.98011,20.68039,21.69273,16.42546,54.10971,38.9463,45.62253,56.49128,71.06401,26.60714,15.70829,16.02928,40.28707,22.85075,23.16451,27.79538,19.58744,11.85764,18.53585,13.64487,48.65118,11.68032,20.20677,19.50216,30.48053,18.22177,0,
