0,0,0,0,0,0,9.732382,0,0,0,0,0,0,0,0,0,0,0,0,0,0,0,0,0,0,0,12.02915,0,21.57181,0,0,0,0,16.93325,0,0,0,0,0,0,0,0,0,0,0,0,21.63527,0,0,0,0,0,0,0,0,0,0,0,0,0,0,0,0,0,0,0,0,0,0,0,0,0,0,0,0,0,0,0,0,0,
0,0,0,0,16.95216,0,0,15.90312,0,8.908404,0,0,0,0,0,0,0,24.29489,0,0,0,0,0,0,0,0,0,0,18.58407,0,0,0,0,0,0,0,0,0,0,0,0,0,0,0,0,0,0,0,0,0,0,0,0,0,0,0,0,0,0,0,0,0,0,0,13.4692,0,0,0,0,0,0,0,0,0,0,0,0,22.79987,0,0,
0,26.61485,0,0,0,0,0,0,0,9.889927,27.83307,0,0,0,0,0,0,0,0,0,25.89622,0,0,0,0,0,0,0,0,0,0,0,0,0,0,0,0,0,0,0,0,0,0,0,0,0,0,0,0,0,0,0,16.3755,0,0,0,0,0,20.3905,0,0,0,0,0,0,0,0,0,0,0,0,0,0,20.92229,0,20.86538,0,0,0,0,
18.18625,0,0,0,0,0,0,0,0,0,0,0,24.23391,0,0,0,0,0,0,0,0,0,0,22.40174,0,18.16283,0,0,21.85552,0,0,0,0,0,0,0,0,0,0,22.97473,0,0,10.87854,0,0,0,0,0,0,16.79321,13.10051,0,0,0,0,0,0,0,0,0,0,14.81306,0,0,0,0,0,0,0,0,0,0,0,0,0,0,0,0,0,0,
0,0,17.19221,0,16.59057,0,0,0,0,0,0,0,0,0,16.34808,0,0,0,0,0,0,0,0,22.33882,9.173421,10.85814,0,0,0,27.60418,0,0,0,0,0,0,0,0,0,0,0,0,0,11.90176,0,26.35827,0,14.24285,0,0,0,0,0,0,13.66641,0,0,0,0,0,0,0,0,0,0,22.14358,0,0,0,0,0,0,0,0,0,0,0,0,22.6017,0,
0,0,0,0,0,0,0,0,0,0,0,0,0,0,0,0,0,0,0,0,0,0,0,0,0,0,0,0,0,0,0,16.50398,0,0,0,0,0,0,0,0,0,0,0,0,0,0,0,0,15.9592,0,0,0,0,0,0,0,0,0,17.28474,0,0,0,16.6981,0,0,30.09379,0,0,0,0,0,0,0,0,0,0,0,0,0,0,
0,0,0,0,0,0,0,0,0,0,0,0,0,0,0,0,0,0,0,0,0,0,0,0,0,0,0,0,0,12.17434,0,0,0,0,0,0,0,0,0,0,25.24662,0,0,0,0,0,17.21527,0,0,0,0,0,0,0,0,0,0,0,0,0,0,0,0,0,0,0,0,0,30.08526,0,18.94148,0,0,24.79782,11.45373,0,0,0,21.13145,33.25866,
0,0,0,0,0,0,0,0,0,0,0,0,0,0,0,0,0,0,0,0,0,0,0,0,0,0,0,0,0,0,0,0,0,0,0,0,0,0,0,0,0,0,0,0,37.92456,0,16.12661,16.80829,0,0,0,0,10.9291,0,0,0,0,0,0,0,16.51546,0,0,0,0,0,0,0,0,0,0,0,0,0,0,0,0,0,0,0,
0,0,0,0,0,0,0,0,0,0,0,0,0,0,0,0,0,0,0,0,0,0,0,0,0,0,0,0,0,0,0,0,0,0,0,0,0,0,0,0,0,0,0,27.12214,15.85881,0,0,0,0,0,0,0,0,0,0,0,0,0,0,0,0,0,0,0,0,0,0,0,0,0,0,0,0,0,0,0,0,0,0,0,
0,0,0,0,0,0,0,0,0,0,0,0,0,0,0,0,0,0,0,0,0,0,0,0,0,0,0,25.85332,0,0,0,0,0,0,0,0,0,0,0,0,0,0,0,0,0,0,0,0,0,0,0,0,0,0,18.50798,0,0,0,0,0,0,0,0,0,0,0,0,0,0,0,0,0,0,0,0,0,0,0,0,0,
0,29.04299,0,0,0,0,0,0,0,0,0,0,0,0,0,0,0,0,0,0,0,0,0,0,0,0,0,0,0,0,9.933887,0,0,0,0,0,0,16.01093,0,30.55227,0,0,0,0,0,0,22.57218,0,0,0,0,0,0,0,0,0,40.30289,0,19.35774,0,0,0,0,0,0,0,0,0,0,0,0,0,0,0,0,0,0,0,0,0,
0,0,0,0,0,0,0,0,0,0,0,0,0,0,0,0,0,0,0,0,0,0,0,0,0,0,0,0,0,0,0,0,0,0,0,0,0,16.53087,19.6159,0,0,0,0,0,0,0,0,0,0,0,16.88373,0,0,0,0,0,0,0,0,0,0,21.61893,0,0,0,0,0,0,0,0,0,0,0,0,0,0,0,0,0,0,
0,0,25.50536,0,0,0,0,0,0,0,0,0,0,0,0,0,0,0,0,0,0,0,0,0,0,0,0,0,0,0,0,0,0,0,0,0,23.54657,0,0,0,0,0,0,0,0,0,28.27892,0,0,0,0,0,0,0,11.61401,19.94903,0,0,0,0,0,12.96308,0,0,0,0,0,0,0,0,0,29.76496,0,0,0,0,0,0,0,0,
0,0,39.7542,0,0,0,0,0,0,0,0,0,0,0,0,0,0,0,0,0,0,0,0,0,15.19206,0,0,0,0,0,0,0,0,0,0,0,0,0,0,0,0,0,10.57652,0,0,0,0,0,0,0,0,0,0,0,0,0,18.12928,0,17.29586,0,0,0,22.74359,0,0,0,0,23.91613,0,0,0,16.61627,0,0,0,0,0,0,0,0,
0,0,0,11.44315,0,0,0,0,0,0,0,0,0,0,0,0,0,0,0,0,0,0,0,0,0,0,0,0,0,0,0,0,0,0,0,0,0,0,0,0,0,0,0,0,0,0,0,0,0,0,0,0,0,19.22669,0,0,0,26.37918,43.71035,0,0,0,0,0,0,0,0,0,0,0,0,0,0,0,0,0,0,0,0,0,
0,0,0,0,18.98195,0,0,0,0,0,0,0,0,0,0,0,0,23.24386,0,0,0,0,0,0,0,0,0,0,0,0,0,26.95997,0,0,0,0,0,0,0,0,0,0,0,20.04464,0,0,0,0,30.38946,25.52598,0,0,0,0,0,0,11.40055,0,0,9.609074,0,0,18.13307,0,0,0,0,0,0,0,0,0,0,0,0,33.83437,18.09607,0,0,0,
0,0,0,0,0,0,0,0,0,0,0,0,0,0,0,0,0,0,16.92734,0,0,0,0,0,10.69843,0,0,0,0,0,9.75147,0,0,9.814239,0,0,23.33279,0,10.33925,0,0,0,0,0,0,0,0,0,0,19.24143,24.36392,0,0,24.11479,0,0,0,0,14.95319,11.80481,31.54132,27.06717,0,19.59785,0,0,0,0,0,0,0,0,0,0,0,0,0,0,0,0,
0,0,0,20.08736,0,0,0,0,0,0,0,0,0,0,0,0,0,0,0,0,0,0,0,0,0,0,0,0,0,0,23.3204,0,21.52578,0,0,0,11.15905,0,0,19.07264,29.24762,14.67883,0,0,0,0,0,0,21.76848,0,28.1688,27.41243,0,0,23.94427,37.34357,0,23.66003,0,0,32.8492,0,0,0,0,0,0,0,0,0,0,0,0,0,0,0,0,0,0,0,
0,0,0,0,0,0,0,0,0,0,0,0,0,0,0,0,0,0,0,22.01819,0,0,0,0,0,0,0,0,0,0,0,0,0,0,0,0,0,15.8591,0,0,0,37.94307,21.76543,0,0,10.43116,34.58437,0,37.7926,0,7.322715,0,0,0,10.93962,0,0,26.70873,11.58536,34.65987,30.80463,0,13.07216,0,18.52925,0,0,0,35.45424,0,30.01068,0,18.6567,0,33.95418,0,12.76814,0,12.0788,0,
0,0,0,0,0,0,0,0,0,0,0,0,0,0,0,0,0,0,0,0,0,0,0,0,0,0,0,0,0,0,0,9.946468,0,0,0,0,0,0,0,25.85861,0,0,0,0,0,23.49679,0,0,0,27.36981,16.75696,26.04246,0,0,0,0,0,19.16465,43.5227,0,16.12714,0,0,23.18506,32.82121,39.46532,0,0,0,0,38.95032,16.7408,14.59238,0,0,14.99481,19.58815,25.16654,24.7804,14.7963,
0,0,0,0,0,0,0,0,0,0,0,0,0,0,14.53588,0,0,0,0,0,0,0,0,0,25.73252,0,0,0,0,0,0,0,0,0,0,0,0,0,0,47.91908,0,0,0,0,11.84254,0,0,0,0,0,0,0,24.09667,32.25117,0,0,0,29.28217,12.90157,10.55828,38.47088,15.04289,46.72188,24.15458,0,0,15.25723,22.77904,0,14.3012,0,19.55905,0,11.22225,6.932428,26.87829,11.32446,11.5778,32.47961,0,
0,0,0,16.74024,0,0,0,0,0,0,0,0,0,0,0,0,0,19.66121,0,19.26189,28.33812,0,0,10.54445,0,0,0,27.73652,0,0,0,0,22.85885,0,0,0,0,25.19971,0,24.68432,0,30.87239,0,10.64948,0,0,0,47.98417,36.82119,41.48909,52.43951,23.63945,12.29937,23.17191,0,14.45747,15.68547,14.21732,0,20.34295,25.06368,0,19.641,15.92042,29.69669,10.0538,38.90972,26.205,14.69582,19.89156,25.21244,37.24192,43.71897,25.98701,56.01576,14.61377,47.97097,0,0,24.5182,
0,0,0,0,0,0,0,0,18.14241,0,0,0,0,0,0,0,0,19.71255,0,0,0,10.33654,0,0,0,0,0,0,0,0,0,0,14.68615,0,22.96349,15.74993,20.93357,20.46004,0,0,24.2955,10.2388,25.44121,26.55939,0,27.5261,27.55036,15.07128,25.1938,17.59313,0,16.602,23.43053,0,0,26.37921,0,19.28059,31.50639,24.1285,28.40316,19.38766,22.38524,15.96369,11.50472,15.42653,12.41978,14.48764,19.29426,53.3847,0,44.77663,0,24.68721,37.78008,17.90138,24.50449,15.392,27.67957,37.09668,
0,0,0,0,0,10.36403,0,0,0,0,0,0,0,0,0,0,0,0,0,0,0,0,0,0,0,0,0,22.04959,0,0,11.94658,20.10271,0,0,0,30.24208,0,17.34142,43.17103,13.41223,25.47913,0,0,14.14999,30.81536,29.45676,28.06881,0,33.16792,35.84271,20.5688,25.6413,21.6738,16.35126,18.95977,10.68806,0,25.07686,63.15916,21.27034,10.31602,0,0,32.87466,17.62671,0,24.97674,17.59621,23.18084,21.24132,28.53555,25.60462,13.39217,27.23492,26.87043,20.86638,0,0,19.90698,7.255941,
0,0,0,0,0,29.39548,0,0,0,0,0,0,0,0,0,0,0,0,0,0,0,0,0,0,17.14201,0,0,15.89855,0,42.18951,18.65899,23.9334,0,35.54893,0,0,34.57329,0,11.97728,31.4869,29.02626,28.97552,9.647242,31.96443,22.16627,36.13787,16.52842,29.391,23.01557,42.29023,22.07648,44.09632,18.26717,14.25021,45.47382,10.69226,18.86919,50.80161,24.94457,0,38.58466,20.28368,26.10085,41.33493,35.57264,20.04196,7.1973,35.00134,21.51141,23.3318,53.57087,47.62527,24.28674,22.30042,31.14424,16.09886,50.49806,21.49532,21.37797,11.42196,
0,21.42234,0,0,16.11857,0,10.3703,20.93038,0,0,0,11.33137,0,0,0,16.27554,18.5599,32.33158,26.54803,0,26.52121,0,25.29648,15.91448,29.47862,0,41.99736,34.2943,28.36455,0,22.30224,16.98529,29.08027,23.91247,25.72936,11.91677,0,0,17.95969,23.85435,0,0,24.64139,25.77611,25.46897,21.23461,18.80111,41.82493,0,21.53484,40.99935,0,44.75768,39.60963,0,25.63297,17.29335,0,33.36732,11.65735,17.07737,30.2299,25.15662,24.7007,19.95172,9.224331,14.99915,57.78832,8.232697,21.10992,39.24646,22.92558,34.5771,14.53162,15.2639,38.34561,7.148044,13.42099,34.91141,27.9813,
0,0,0,0,0,31.638,12.41802,0,0,0,0,0,13.35615,25.81779,0,0,0,0,16.25048,16.11107,25.18574,24.26162,0,6.16456,27.20531,0,22.557,0,32.11514,17.5189,42.80818,28.65278,27.92648,15.94252,10.46908,8.176345,28.72825,27.99667,50.32833,12.81097,15.64944,0,22.89158,34.85929,23.04293,0,15.60458,25.15832,25.44281,30.01681,19.64489,26.75743,19.74586,19.90936,12.87814,17.49481,35.35851,20.74729,0,25.60569,20.68681,9.76405,40.2408,20.46735,35.76903,0,15.29561,16.84883,27.55545,13.59028,42.08559,24.21801,32.83433,47.98295,11.59056,18.50121,14.86571,9.935658,18.79835,24.2741,
0,16.73785,0,0,0,0,17.30316,16.44805,0,0,0,0,0,0,39.87401,28.03184,31.18233,0,0,27.26921,0,10.11568,17.26613,0,0,22.61248,33.15818,38.57851,24.02278,33.85268,31.4168,0,14.78293,21.81441,0,28.76667,25.24508,29.14604,24.99163,17.9235,30.1281,0,36.03368,40.74121,47.33341,0,0,26.52332,29.83678,40.99631,26.0864,10.40382,28.44334,23.33911,22.81619,0,25.54739,9.780897,37.54232,19.04676,19.68423,19.25956,22.82274,28.13078,36.97149,24.76367,26.55365,21.42593,23.38528,11.17992,31.01328,39.66826,31.28896,38.60631,12.48557,26.25773,32.58685,25.74325,9.204069,0,
0,12.38315,0,26.57786,0,0,0,0,32.85522,24.72342,12.24502,15.29183,21.2893,0,24.08044,25.70662,27.77117,22.64511,24.7272,7.54109,0,19.68941,47.90351,41.02103,0,27.05402,0,13.31565,36.30481,21.99313,43.58613,12.62617,46.31934,19.83574,36.98825,24.04949,0,11.27904,44.55974,10.30311,29.12184,35.34386,40.6381,28.42435,21.239,16.53501,39.75048,30.24721,37.89097,31.97845,22.56323,13.41967,22.15739,0,8.346767,19.01251,43.11151,30.14207,29.35627,14.27075,0,16.91102,13.78562,0,17.75552,23.23116,13.23362,19.57081,47.64164,57.49633,8.852919,0,32.43571,29.67141,0,13.85335,18.35228,11.90843,0,38.37582,
0,0,0,15.87426,0,0,0,0,19.8961,0,17.37518,14.64237,16.51191,0,21.36142,27.32237,38.57732,31.1583,33.28635,0,12.84892,14.64737,0,12.00876,0,43.62424,38.04075,20.55504,28.1195,12.06351,0,31.46619,0,15.30885,29.30312,32.66943,26.74635,26.89789,33.40921,0,15.88418,48.18713,21.84665,14.83814,9.965626,24.4531,23.83079,25.65611,14.08293,48.3028,0,14.00324,24.34876,15.97601,15.72826,18.43934,22.37291,47.91986,10.5408,50.58113,0,13.65262,26.89886,19.16181,29.43901,17.44643,28.12022,17.89798,32.88653,62.57837,0,17.62105,20.18801,20.16772,11.17603,33.39188,14.31532,16.58356,26.43013,17.10216,
0,0,20.17539,22.43172,0,32.21158,0,0,38.96085,0,8.868442,30.25925,15.35807,0,23.7403,28.57423,30.44439,43.15157,36.04757,26.00262,16.73989,0,0,23.18058,19.67211,30.01834,28.12759,32.1087,0,20.8575,10.95895,20.3293,21.02822,24.77524,30.38991,15.28472,41.32336,12.31641,21.70964,18.84108,32.14769,17.64565,0,14.65162,42.04003,15.06265,26.33303,26.15849,31.33812,23.27764,23.09526,50.82195,18.43511,46.05679,30.86001,10.34806,13.50223,16.19334,29.76274,26.72952,27.67324,44.7069,24.6448,15.89774,24.50882,50.79993,38.17568,59.56567,25.87741,20.43447,37.2198,28.10309,16.41411,11.94986,40.56075,17.32327,0,18.10441,36.20624,35.19308,
14.9092,28.36745,30.79426,18.08804,13.84169,16.05507,0,12.90228,14.23735,16.18483,22.83618,8.35575,9.46775,10.91187,38.78465,0,11.71439,27.28604,27.80575,10.90461,24.19328,16.028,30.90082,57.10345,24.39918,14.63488,28.0851,33.75157,13.24367,31.77422,21.86895,18.26443,20.38352,29.23187,19.11136,42.88679,29.03972,35.13323,15.27625,22.32844,20.15372,23.82707,30.68445,12.3905,22.25709,18.19203,31.3033,24.498,23.19266,12.22602,0,11.56184,23.52341,32.22582,21.46192,0,16.31837,0,28.63741,30.08299,14.20089,14.8462,0,24.47421,22.85804,36.47627,29.66381,17.54368,10.43568,33.04337,34.26129,0,26.38227,32.97018,26.38164,42.80204,14.02721,8.160383,0,40.31582,
0,0,31.33036,9.801183,21.81736,0,26.17449,64.29874,36.58467,22.84716,28.03719,47.82581,43.48556,24.52185,35.29536,23.1533,0,8.998218,0,33.68249,15.55212,28.027,32.54929,46.35815,0,31.7727,40.66875,0,32.87131,29.79334,29.74719,46.94276,26.79777,16.32991,0,19.72103,27.66093,13.95706,39.57331,28.51459,16.59356,8.991488,0,17.06868,40.77403,20.60875,15.79869,45.26383,0,26.82804,45.61339,18.74518,50.13568,0,11.75798,23.49568,26.19668,43.91542,18.69943,8.735426,14.42815,13.78828,26.48471,24.04154,36.30439,39.99066,21.97372,22.41344,11.52885,30.19209,11.40151,15.49648,17.37341,14.24468,25.48516,18.58746,7.274162,20.31928,7.430242,22.78139,
9.423309,12.3905,0,16.92969,18.33046,0,11.16716,19.54743,54.35552,7.259878,11.95146,18.46473,0,14.52626,36.30547,19.84469,23.35914,10.79973,23.98338,28.74194,0,27.19003,38.37074,15.70321,10.7517,18.84615,18.59198,42.66115,16.60465,13.60915,22.09428,19.9153,24.83652,22.85973,0,37.57444,0,25.735,14.09974,30.32114,0,49.01155,36.68287,47.44716,18.42505,18.05954,34.52995,32.83944,53.67426,10.56313,37.44552,17.85299,29.21228,0,9.425103,19.71922,6.137747,20.97838,35.89322,22.67221,18.32487,17.39989,12.2865,0,26.32679,27.10967,27.46708,15.69607,17.07094,20.79726,10.88226,23.91163,25.57669,25.48167,0,36.91533,17.97503,0,13.30454,22.46501,
0,34.05882,19.73053,20.91262,15.01874,21.66605,44.43254,0,37.82603,45.98169,23.27623,13.38063,6.125886,14.93225,10.95564,100,23.03781,19.41881,22.33183,13.56793,43.97222,25.10815,38.80013,12.80509,0,26.89432,24.45263,0,18.2387,23.52544,36.62798,21.5867,0,20.17509,19.82465,7.505701,15.71113,17.78753,49.88163,8.98186,41.69186,13.03745,11.1576,15.00612,39.06831,36.02482,42.18693,20.93984,35.85629,15.72661,22.45704,37.31365,44.22344,14.07634,21.5085,11.49103,19.23029,36.26469,15.05185,15.31278,39.60703,39.9095,12.68334,18.65119,32.24916,21.74293,45.71067,29.04656,13.94989,0,17.55378,15.69602,65.86873,0,11.908,32.25724,12.51108,9.35614,19.65125,0,
17.01606,15.77681,53.76199,30.93338,48.05939,24.57786,20.3232,0,27.48174,0,16.95267,12.73805,15.82943,35.8723,30.09989,37.83628,10.07816,0,59.90612,28.54757,18.15914,29.91586,15.02463,40.51522,16.36534,15.93452,43.94651,34.85106,19.21036,26.88764,0,10.27804,0,23.16523,37.4916,24.68642,18.19751,26.75629,21.68219,25.09789,16.62313,11.80718,0,34.91871,18.73294,30.7023,26.01027,0,32.17489,19.32541,32.84188,15.16058,0,13.90181,19.05826,0,18.79998,22.30831,36.00249,23.97308,37.31126,11.3076,28.03045,24.69258,30.51057,15.3748,14.0322,21.21822,21.14233,26.45515,30.58017,28.83912,40.22405,15.5473,30.40245,27.85861,10.22615,9.284202,13.17192,39.59795,
14.67557,27.62777,24.5022,27.46022,0,15.2861,28.0908,15.78622,0,40.35331,24.73889,15.34734,35.41381,10.83666,31.95953,0,37.71243,15.11334,34.36314,45.24823,14.78228,0,9.929247,21.90279,9.549483,28.68532,26.76011,0,29.61681,18.19294,40.6419,55.38721,18.81579,26.3746,32.61402,32.06222,23.51454,24.21566,8.910473,37.08053,39.95797,18.767,17.22719,16.42368,31.32176,24.17469,21.43563,13.89383,10.2417,0,41.64164,30.79133,30.46871,13.81498,15.26008,42.42181,25.36366,19.95848,16.48424,23.33421,18.47342,36.80063,36.14683,33.3119,35.99162,9.628696,26.60628,48.20918,14.18582,19.8141,23.88376,15.17353,37.55457,27.67047,21.75623,15.66519,28.5133,0,0,12.96275,
15.19657,19.65974,22.79501,59.65597,13.94939,13.26569,15.65367,26.2643,29.23755,0,20.27581,28.98111,26.09271,19.24797,27.09599,16.01325,11.37514,37.60616,0,34.41061,23.93746,20.68298,8.662055,38.87743,27.02159,11.67056,13.77231,0,23.962,26.36357,0,52.02455,0,15.63997,30.35033,14.24456,10.09738,41.69968,36.96186,31.91301,13.3247,32.18782,26.43025,35.79566,19.3274,23.26111,0,24.5966,33.87013,27.78602,47.03532,13.92937,38.41974,0,32.68979,0,0,19.95648,16.94033,28.04594,12.96076,18.20963,0,36.21029,18.56043,16.86446,6.583834,52.19033,43.86164,33.71128,14.27191,46.26785,14.84726,19.10173,30.04039,11.89967,0,9.381771,14.10277,30.53684,
11.82757,0,0,54.8756,35.88086,19.94092,35.70745,17.85279,0,0,43.24279,22.73186,14.14995,14.11205,0,32.09944,27.08482,33.98239,31.80941,36.02254,37.6757,14.46325,44.31245,15.4921,32.85752,14.77678,16.4732,21.10645,34.56974,10.07725,26.12722,11.40367,24.4257,18.31342,23.08433,19.58749,24.49621,8.191808,45.79919,24.00669,17.75577,15.76839,33.68935,20.04586,33.81596,23.22027,25.0845,14.47045,18.59844,33.35028,31.80983,12.23142,0,21.59678,41.3653,23.87024,34.71812,38.88794,29.18524,16.30985,10.83685,28.92548,27.2671,12.01546,38.33105,36.76923,0,20.77042,14.83643,34.40051,34.80719,56.96388,25.44926,13.66785,9.121414,16.08631,15.12383,0,27.90013,13.89807,
26.47369,20.59017,16.95512,18.23958,12.64254,33.28403,28.21559,25.92512,22.52916,0,8.916416,31.2812,33.9939,15.97063,29.53876,20.4852,31.92758,35.91829,0,18.41442,23.46829,24.8564,26.78691,36.48705,25.69979,29.76392,18.78629,24.71666,8.064384,37.17682,27.21944,18.48022,24.51177,24.57914,28.94171,40.60843,18.6234,28.69018,23.14647,23.34504,19.9642,33.70448,35.29584,36.93475,24.60319,21.12881,53.20689,18.90794,7.277582,31.53394,28.48698,20.55952,10.40285,16.03151,19.16205,16.6303,16.63077,24.05885,19.11774,0,9.542939,18.53143,38.54935,26.7786,24.94518,7.34712,12.95035,19.99521,22.03435,37.8142,27.15696,44.45822,0,32.84438,16.64567,7.790586,0,29.24253,19.49744,14.90127,
35.80371,22.12687,12.37347,0,23.39731,21.99904,10.06515,32.20242,7.262106,19.72468,23.23372,21.93162,29.73046,14.67484,7.660638,38.38289,25.50306,21.21292,16.87742,23.88895,15.18016,24.14943,21.96361,43.26822,38.58913,33.18687,25.31077,31.01664,17.6527,34.75583,28.5326,23.59057,11.26414,0,0,26.48642,33.1032,19.37751,39.80085,22.92756,16.38099,14.12505,19.17804,22.64541,28.69081,46.06076,33.14867,18.53482,33.23743,33.44166,15.90529,10.83982,19.95222,0,21.63384,30.74633,8.975041,30.28936,34.65957,19.30681,0,0,13.19547,33.88664,15.27234,0,18.38365,16.02136,19.63957,15.92339,30.39454,17.1746,39.48323,6.147015,13.27109,14.95818,12.91623,29.86314,14.72668,0,
16.24166,28.80871,14.90459,18.20251,20.62838,0,45.80105,0,28.60793,41.48003,16.03827,18.25216,0,38.95948,17.45651,20.25501,37.91507,0,34.74229,45.57733,24.23066,33.4123,21.75033,11.97697,39.0173,49.99159,49.58123,33.11142,0,15.11406,11.94488,20.17782,42.94928,9.792917,27.6523,0,35.17743,14.47738,0,21.8769,45.01347,25.99994,26.20189,23.80772,44.16584,23.14181,19.07332,25.57769,9.461693,33.8134,17.25213,23.08116,25.6138,15.10264,31.71621,13.69503,30.16162,31.25483,12.1186,0,0,35.38792,10.3922,22.07972,9.467267,30.31227,32.95649,12.43629,16.51204,31.7137,42.51233,23.47536,23.93012,11.37669,16.6722,0,17.81935,21.85932,0,29.55518,
20.53791,0,0,18.83499,0,19.26406,11.43318,25.45881,10.86719,34.87246,18.46091,28.00185,22.25031,33.87102,40.10936,0,46.04956,10.95428,25.35043,11.53169,11.71437,41.05262,26.63299,16.86735,13.24986,29.83934,61.43717,0,28.34288,16.41452,27.24865,14.86273,26.83619,21.59981,6.478744,13.80358,50.36483,22.15992,26.53455,15.95317,0,25.98252,15.80035,25.33517,23.81816,0,38.74769,20.71359,13.75859,12.78549,11.72829,17.25349,17.11113,15.27281,0,7.995335,33.81997,22.47708,47.22391,24.65609,21.03171,0,9.662682,15.6006,17.51863,18.86386,18.83726,10.26059,16.60498,18.66091,10.0907,6.45474,39.26624,0,9.387359,41.15149,0,25.10682,15.21105,9.403178,
19.44464,16.23528,26.96549,10.16959,8.571787,29.1115,14.97097,12.43487,18.98408,20.57656,18.67292,18.01541,33.13525,10.08106,11.21096,30.21732,24.12923,31.02798,36.59968,25.00887,33.09829,0,23.47838,16.3376,17.54683,26.86879,30.02307,27.56483,0,17.69722,18.48269,0,0,18.80402,17.86688,21.96978,22.08548,45.80438,36.2546,0,15.21504,24.27851,28.46574,22.88641,20.34174,24.15183,14.96487,35.66664,11.58823,28.08948,0,25.6535,20.59878,13.46028,36.20066,42.94355,17.1722,19.98645,22.38661,18.75184,10.91912,17.16591,15.83181,24.21765,37.92638,19.53864,33.45738,18.47954,14.46542,23.26295,21.81007,32.14347,25.30447,40.2349,37.76067,35.36145,21.35427,21.81297,31.28999,0,
24.36313,33.38774,29.41266,38.97285,29.11544,32.21227,29.51217,19.29842,43.51368,35.65404,30.32272,17.68252,9.773672,20.54375,22.37718,23.34031,35.51535,10.87526,16.99259,30.97289,19.66037,18.44804,23.56385,11.68539,6.495081,21.84679,20.94559,24.10136,19.59609,23.13439,25.63538,12.98924,26.40755,44.93962,15.84732,37.00018,34.00667,17.18251,18.27701,19.14623,18.73254,29.68398,47.53549,20.59549,28.50804,8.568351,17.5544,0,17.46419,21.85695,27.65025,16.84964,33.35738,21.77098,33.07196,12.01201,19.66409,14.27524,23.3724,13.23587,44.45059,26.48931,24.40514,0,14.51066,25.19161,0,14.50505,24.84608,17.01015,16.53891,23.61545,28.28662,13.88349,10.8446,43.70114,17.3933,11.97042,0,26.126,
26.28796,0,34.29498,10.68729,27.74655,37.9357,33.92874,22.59516,16.35267,18.3582,0,25.48117,25.5362,26.54808,29.0892,21.06964,13.32623,0,32.06547,23.15211,15.84857,24.52257,42.9836,21.3098,26.06257,38.92345,39.74416,8.606231,13.14613,11.09114,15.7858,20.50085,39.28799,27.45759,25.97186,19.04173,38.11167,29.30721,21.76945,59.56738,0,21.86925,47.28724,19.92563,16.60821,16.7332,12.63589,43.28537,18.35445,0,26.38934,18.31605,12.18414,0,20.93968,25.98387,35.1418,0,33.39111,45.60857,25.06346,31.66637,22.91754,28.80561,13.73204,0,24.61658,34.45771,32.17758,20.76911,16.75784,26.26418,16.99618,18.51584,17.67472,17.49499,21.16135,26.98612,35.35136,0,
17.2549,21.93706,24.73512,0,22.25216,36.43368,15.32373,29.58942,26.5329,15.89805,37.08657,0,23.24764,36.95066,35.12199,7.827387,25.82445,29.47288,27.02736,13.79645,23.041,37.64362,30.08817,33.02674,26.97893,49.7381,22.44577,35.38303,24.21766,23.8013,52.29063,15.54985,23.50564,17.13715,33.59716,10.72649,18.40548,11.26632,24.64866,16.44762,10.41421,9.442668,37.47695,23.08425,27.47692,29.60391,19.6229,17.56898,36.96349,18.96948,32.37934,37.40794,53.98333,0,0,11.1323,25.79675,12.60089,0,0,38.93192,43.27296,21.14431,24.39391,24.22524,22.39994,23.15932,7.327849,38.26101,23.66091,46.22393,11.73095,22.21993,11.33963,8.613392,13.81806,38.34796,13.98676,16.67213,10.42298,
18.58696,24.62957,0,10.05655,32.30142,62.5704,12.40301,29.92648,0,0,26.91171,29.38492,18.24258,11.79581,20.00169,30.05887,25.85061,12.5286,16.30989,33.00755,16.4345,16.63307,40.98582,30.78856,12.11436,25.85869,28.37003,33.68082,18.38188,24.15951,51.74091,24.43623,36.91587,23.75861,10.97472,24.99439,15.38597,14.67421,46.90231,19.59666,26.18108,19.12154,29.00742,24.90701,41.44305,0,18.27796,27.99711,53.20543,33.81326,37.90527,27.66378,29.22382,24.76517,23.15852,29.95802,28.00042,11.99357,15.65961,31.3692,41.96027,25.95407,19.07137,14.80747,36.39121,16.72653,17.39115,21.13443,28.65538,30.08359,8.981974,13.16682,18.53903,28.32924,12.93837,9.490361,35.43835,24.32185,52.51413,50.17747,
16.52624,8.931181,17.60107,45.41191,33.93902,27.07736,28.7594,27.3971,53.43064,14.52032,17.5937,13.58865,36.32826,20.81096,9.754393,14.93387,23.50732,10.29641,13.0708,29.41468,9.435614,18.2063,23.87171,39.99382,42.2291,26.3758,14.25507,18.39055,14.906,8.169678,13.90833,20.44386,23.73779,15.30517,17.93046,26.66055,14.08364,21.1793,29.99804,22.83953,17.40718,27.64566,33.36172,26.22065,61.24123,14.14931,17.55189,37.2136,0,22.72508,23.01323,0,0,25.29104,16.07551,24.73772,46.9779,17.45738,25.92552,19.50478,22.85706,41.69423,23.03607,16.59687,35.93066,26.27064,30.65577,0,26.63408,38.61477,22.21472,24.72995,11.70342,9.472737,20.16373,30.17888,0,16.1639,10.85026,31.17334,
24.10275,20.63244,18.61523,29.19651,24.66281,22.99584,24.08707,10.00896,33.53197,54.00414,21.89823,18.55555,30.8269,9.162145,19.78832,30.81188,16.32801,29.10879,23.04046,22.49832,33.9931,28.6502,11.76028,13.07675,18.95018,46.71218,22.50997,16.37137,17.83051,12.8792,30.10867,43.61373,34.16603,37.83704,28.18774,24.22209,17.53667,34.73204,26.22157,11.67846,29.65497,0,21.38105,45.09975,14.40583,34.78642,17.13202,25.24229,19.94937,18.81785,33.16616,28.99422,34.93703,25.22795,18.45339,48.08301,20.41203,16.15678,14.59411,37.57421,24.07248,0,11.23655,0,37.36172,45.48737,13.03615,34.32632,0,51.23712,9.304619,17.71674,24.66167,21.51826,28.02624,21.79467,9.650517,35.32555,20.37212,0,
33.89018,46.60393,16.76958,48.14856,45.30236,17.19818,14.04876,41.28571,30.74455,21.50001,0,31.97185,34.04623,5.96117,26.2472,34.64786,26.26744,9.713418,0,34.27362,23.41191,41.22336,37.5929,0,38.47961,20.53515,18.28919,20.42748,0,13.9752,22.89253,39.81232,14.71381,15.20482,12.78424,39.41141,27.25763,28.93097,18.29216,34.99081,40.63066,40.84354,14.61242,48.23821,18.1539,14.86856,30.58674,13.80716,22.11083,5.841223,17.39144,0,29.55849,24.23583,32.79382,17.84379,54.03147,12.7009,29.18739,0,39.37906,14.96587,17.97953,39.15453,19.41539,17.97993,30.35189,26.06339,15.75316,18.61838,32.26519,22.02408,25.57606,25.75931,18.76957,25.92897,49.81698,22.68211,58.03513,26.7611,
29.14037,10.65806,0,21.55771,22.00268,16.43596,13.56664,20.48753,16.15584,10.04286,27.86849,56.8708,22.26151,36.63472,24.98185,0,28.70247,19.02126,14.69918,27.56009,27.01633,18.92135,13.15977,14.52418,27.775,14.60811,10.21953,12.83864,16.47827,18.56208,5.573726,14.74297,39.06211,23.37455,28.35323,27.03819,13.47624,20.74417,30.74566,0,28.87546,13.76907,25.06481,23.38832,37.25583,33.72381,33.36927,19.24415,22.61719,31.44652,30.64555,0,28.62962,40.18499,18.3815,25.43848,24.0565,25.65291,20.51146,33.09361,24.97434,47.37319,16.32509,14.28335,12.70646,23.95382,8.165904,11.19825,34.62343,30.3891,0,8.911117,0,15.9336,0,19.91965,26.82491,13.33309,43.16016,74.394,
0,35.87212,22.83249,36.32964,10.83461,0,38.95761,19.56643,33.31089,25.5159,34.06306,15.39391,12.82979,17.5561,15.35154,51.59571,18.0429,14.73997,36.75537,22.20517,53.04959,20.80544,45.25583,28.91676,19.99364,21.12997,22.12595,14.94003,22.043,28.68984,24.93175,11.09229,43.36344,19.31989,14.84577,47.37136,10.53249,18.76906,30.81696,29.89098,14.58047,25.48832,0,26.42793,41.43277,33.54357,23.51292,19.24731,29.86432,18.97889,17.56039,14.40611,48.76702,0,19.15996,15.16342,18.01102,36.06442,35.02471,15.17287,18.32674,7.406387,7.209122,33.32433,16.62797,13.4163,13.94864,42.8951,19.38082,23.52514,19.851,21.76007,33.07112,26.02818,16.51612,18.27968,35.16282,0,0,45.26981,
0,0,19.32869,13.87686,23.71826,33.66898,13.76846,16.34316,11.25959,26.3838,31.07424,19.23268,30.05421,13.12178,23.31159,16.16231,14.73376,33.76622,23.59995,22.37608,42.73069,13.20425,0,29.92622,18.20833,12.50245,17.53407,29.99817,20.37407,16.03571,12.51794,12.52656,44.53839,22.66877,16.41455,26.37993,10.18817,10.8314,10.26181,48.14249,18.14612,19.07169,15.04737,36.23619,59.57862,0,27.30955,33.86582,11.33147,22.08234,34.17458,15.29041,16.81116,14.83527,27.42542,0,12.41994,25.92884,20.87377,17.39799,16.1812,28.73983,12.23736,29.19353,30.41318,24.88883,18.41304,16.97038,19.09413,27.38234,20.61928,42.60652,30.65234,27.23832,16.64019,38.85161,14.3557,19.83169,27.42656,25.71875,
20.42764,16.32441,9.13881,17.41345,25.70678,22.43169,12.13327,28.75649,14.13092,26.81104,15.50334,0,38.10901,11.0501,22.88791,10.89395,31.76361,36.71902,20.51234,27.52059,23.8397,9.665058,24.45484,35.95026,9.629591,25.54317,32.29974,14.18364,16.17652,15.74056,22.18159,11.79013,27.04501,14.51771,42.97235,36.25847,21.10576,13.69728,21.36482,31.19635,29.1003,13.59685,8.193604,25.51701,33.33966,12.29909,13.6841,17.07875,19.47443,44.7522,36.96372,0,29.1688,26.92536,29.75837,24.25534,10.42474,16.70908,16.5975,31.24053,10.67943,7.627228,0,17.92109,15.38706,15.82653,13.51512,26.39054,19.29171,10.14065,0,18.0153,0,40.00084,0,20.94958,55.72773,11.91752,0,42.70728,
20.40713,7.992254,22.91309,36.10474,19.87824,11.6946,17.60903,0,22.71512,25.06599,10.0722,17.32173,20.67825,18.76662,34.76062,0,7.389526,52.0813,13.71603,25.2935,48.23744,11.38639,24.09443,17.10764,20.48697,33.54439,26.41971,13.46825,19.11111,28.99916,21.25432,28.8761,21.94211,0,30.89098,16.88094,11.47677,11.39004,40.71685,12.58755,33.93034,21.72153,22.01209,23.02292,28.16293,33.22991,17.24062,26.53686,21.26612,16.42743,25.71845,46.18664,46.5012,16.41301,12.09218,21.42564,20.84428,44.17101,50.85651,16.43735,18.97153,39.04273,29.45215,16.01665,33.34203,26.74735,14.8111,23.86567,25.77409,27.42174,17.1401,30.04243,16.17122,24.92235,15.58174,43.4463,14.53067,13.01884,51.62548,0,
26.39397,22.91567,43.9023,35.09245,46.11275,26.88857,14.7054,14.49773,22.95168,22.80103,27.29187,0,7.513861,26.05009,14.93551,23.46437,37.76706,19.14314,13.442,0,17.20439,0,6.528557,23.77488,23.59269,29.71223,31.3492,0,19.14388,35.05373,19.07483,21.201,18.15746,26.0124,18.65188,0,10.11517,18.06228,18.74744,20.35319,16.6294,16.79267,20.90455,6.344846,6.739239,37.88177,47.88876,23.83334,43.1839,0,26.53547,40.49183,9.569921,30.35594,12.39582,16.31054,0,39.32745,16.9909,19.10007,16.75809,17.32191,12.54281,15.22273,36.89119,20.68243,22.93638,0,25.26159,10.40268,27.8035,17.14599,26.77568,11.51255,18.41414,25.19461,29.78247,29.51679,31.33266,23.63519,
23.47014,19.11613,17.31884,22.17417,15.4027,20.0672,16.98095,12.33982,20.31384,20.52618,29.84034,17.94192,15.74246,32.3798,0,47.75202,25.45427,14.852,17.06302,16.57451,31.40945,19.03762,15.20935,31.08627,20.30827,31.96247,14.81035,27.57809,0,15.83289,26.77609,33.80517,14.12499,14.1295,43.21907,0,15.57329,7.378965,25.3187,13.14608,27.10977,12.06334,16.96011,20.81212,9.446343,29.86943,19.76242,28.07718,40.13763,10.92431,0,15.81932,24.73441,52.68269,33.53383,28.57898,17.42846,19.93117,22.31272,50.6391,13.80302,0,19.47609,0,0,21.57664,18.66141,11.4741,0,0,17.11149,20.73788,22.04668,0,26.07239,47.94535,53.15122,43.12284,22.24868,40.4877,
43.75051,14.8862,55.89052,19.7561,17.77532,19.93405,24.71222,29.08992,32.62562,22.07242,41.70184,53.42592,29.9847,14.20154,32.37687,19.7099,23.00882,0,0,15.86899,20.38117,22.25055,26.94076,49.25673,21.82733,32.86642,16.16096,19.18483,33.22376,49.49289,17.27293,17.11302,26.56183,25.35964,14.62856,22.91979,9.489681,5.913094,10.74734,24.36094,0,8.07074,21.89488,15.8492,22.19775,12.9,29.94119,34.33863,11.58237,22.16116,15.33452,22.03212,23.31787,22.17874,29.91799,26.73056,21.407,28.75932,6.743634,16.50069,28.25433,18.36562,13.57936,0,18.06737,19.56204,0,23.37702,29.75459,9.594683,45.09224,18.4719,14.54811,23.66796,22.78859,27.61484,24.71193,51.22531,34.76647,52.49858,
30.25965,30.80561,0,0,17.68901,0,13.69492,41.74813,33.37131,20.61483,28.32145,8.447272,24.77772,36.37929,23.07919,37.89582,12.42781,36.55845,7.333583,16.8869,18.06134,0,18.14738,45.21124,18.85715,14.04537,16.46422,31.45447,26.75862,13.80111,39.22736,13.23141,14.51626,47.14202,17.5863,20.77754,39.32161,22.16801,30.44285,9.416843,36.64934,27.38797,18.40431,40.67708,28.34502,26.91596,38.19634,17.42839,16.62831,25.98406,19.84846,29.04529,13.31312,19.31367,26.61839,9.470476,9.984119,8.599209,33.65362,18.16076,10.06729,8.981256,24.53662,32.54829,32.31578,18.07675,16.18936,37.49368,25.42503,18.95873,17.42453,35.94481,12.72687,17.82408,0,26.26321,25.23038,11.22764,61.96025,21.00542,
0,26.42148,42.21794,13.53162,28.34366,0,0,0,26.31638,0,11.21236,33.51346,11.41856,38.80886,16.76567,11.86901,19.61003,25.99887,30.94295,13.64618,18.30628,14.52385,36.22792,19.77169,21.24403,35.56774,10.43901,12.17237,23.69949,12.96529,9.768007,16.4453,32.25456,13.44725,16.16142,20.69808,0,53.57874,21.48797,15.87408,12.78965,23.15163,15.62817,24.32418,24.35192,25.08689,15.6789,23.38324,32.17387,21.44942,24.79677,6.243772,7.70724,0,38.3711,13.97613,11.60195,17.21509,11.64888,20.22487,24.34412,0,29.50801,28.0044,21.15373,13.19059,32.6371,22.33854,29.66208,9.848259,16.81368,20.13119,38.69593,41.82676,29.08472,43.3118,24.59028,21.4023,22.56421,15.62468,
18.07238,14.41461,44.63848,26.42689,14.78162,22.6832,22.18395,23.82276,12.54983,24.85242,16.58269,11.06361,28.89785,17.97761,18.57091,38.76614,22.35222,18.48678,24.1534,20.90033,21.72268,26.64631,12.59432,22.11254,17.3301,20.42371,8.760895,14.43696,38.13469,29.21394,17.60345,11.75947,0,20.68543,10.97368,14.1549,16.32635,13.67859,17.76775,28.58419,32.29959,15.58916,13.32759,10.79709,12.6768,21.55072,22.2296,31.65953,15.94659,36.1108,22.90232,14.48312,11.48978,16.0971,26.62627,13.8013,30.42592,15.4158,14.29057,10.76598,12.1919,17.57563,25.01584,17.27691,30.15766,12.14659,22.82221,19.92255,28.16883,0,0,25.00661,21.92881,23.40106,34.96805,0,12.85378,40.88214,0,38.15309,
22.40291,17.4677,22.75568,14.50723,28.44702,18.81265,23.34658,20.81241,22.95989,0,30.81181,26.99411,12.10562,14.23705,18.68311,28.35467,26.27455,33.66252,8.501692,12.62714,32.90978,12.86365,16.20342,38.916,9.958995,18.01278,21.2143,14.23978,12.42561,17.90481,16.94258,33.87185,0,24.78908,24.48498,39.16081,26.47726,19.8663,16.09533,37.63027,14.26664,18.59346,20.17158,29.09069,20.22605,34.82629,37.59416,19.91428,21.36263,55.38974,11.94829,22.82731,25.87129,17.00245,21.31154,17.83836,17.61282,20.7706,28.90228,0,15.55348,20.2649,7.274441,26.14959,0,30.74022,31.97147,28.66585,0,17.06735,31.36595,18.24099,13.94065,54.85751,20.54118,18.76575,21.84098,24.95505,22.23235,15.28777,
19.86374,22.45437,46.42587,10.14747,0,35.40909,17.85506,22.3715,23.50669,27.72128,0,29.14976,30.84892,15.77044,7.844887,24.05114,0,17.60604,31.20371,17.57271,0,14.64797,26.71191,21.68653,28.76513,45.79434,33.55819,14.63893,12.14888,9.804864,35.79246,57.85148,0,16.25285,18.39784,0,27.72267,28.86891,19.76911,0,13.17914,0,29.77016,20.06425,27.84172,21.02634,0,18.95907,30.68952,45.59786,10.67729,27.54089,17.56692,17.61721,52.55706,16.43537,0,20.13117,30.21015,21.41014,13.77552,27.8439,0,0,23.12596,55.07545,20.88477,16.86563,24.10073,39.18752,11.50101,39.75505,34.55038,25.47502,42.03299,18.98301,26.37797,21.36692,62.75788,35.97289,
33.01686,22.77321,19.77796,30.46766,30.19502,31.22917,24.34558,10.05168,17.57521,0,19.1865,42.44566,37.34792,27.67635,27.32197,23.5036,9.317267,16.85424,21.34657,18.86947,8.502446,36.9787,30.42799,40.53839,0,19.74434,26.05045,22.62108,19.41904,15.44623,39.60977,21.7738,15.42964,19.29011,22.87699,37.54634,6.715741,20.64025,21.78882,0,16.80928,30.98164,23.35884,21.06174,11.99646,28.62433,24.7742,16.20439,19.43642,19.04145,20.94553,17.8214,0,24.58374,17.84271,0,16.3196,28.00772,26.65583,25.33959,0,40.46388,28.76381,12.21414,20.79917,35.42336,12.9442,30.17009,0,43.92341,20.5949,44.35367,37.44418,40.34138,25.7696,0,29.19804,40.71827,29.37016,39.11259,
22.00778,20.48627,5.417627,19.40319,23.20408,14.64,34.13145,24.41382,13.33287,16.29177,34.91197,34.58913,51.9941,30.94423,24.89803,36.98909,13.27926,31.69506,18.12859,18.85436,51.52402,12.22416,22.72854,20.46605,7.723783,34.03806,12.7938,13.33383,38.96111,24.71489,14.58005,38.26676,20.43138,0,22.29606,15.43404,0,40.98277,19.56891,6.687196,0,14.17061,18.10419,12.00933,33.54283,22.70162,17.21284,17.40414,41.51747,27.44262,38.3289,16.29342,31.3809,22.85979,22.14308,16.0786,24.85452,19.03702,29.06167,19.12508,24.43104,21.16071,26.56894,37.08057,17.97824,21.71458,46.41702,23.86272,24.80278,23.73268,13.4799,36.90461,0,18.85848,27.53812,38.99976,21.46409,24.03092,28.35597,47.21016,
17.61765,27.90624,17.6633,50.82915,29.25798,15.87147,21.42048,0,24.8681,0,17.98058,18.05173,16.97791,24.4375,0,15.17263,23.21632,14.30773,10.84393,8.898376,12.14486,8.933619,17.28466,29.03983,27.78284,9.598203,12.37952,19.57007,25.93938,21.27842,39.37699,0,19.82725,20.14492,23.88707,16.31608,0,23.60991,0,37.07781,0,25.83693,0,15.1189,20.51345,32.04324,0,15.6067,8.611551,20.26632,17.4945,29.87712,10.59091,47.78172,14.14548,40.61256,12.0556,37.00408,35.39451,15.4494,53.86566,0,25.2173,18.84909,20.92494,48.03998,12.07189,20.55056,16.63837,0,31.69775,20.30962,43.17298,21.81793,58.66347,14.49279,20.49191,54.48787,27.29993,39.43218,
16.06152,36.86243,19.40987,21.66359,14.25587,19.33055,20.42049,35.89431,24.76326,23.19338,29.18755,19.98587,32.97953,5.936511,28.34091,23.89178,26.5567,0,27.80771,0,35.07253,17.93548,20.68947,36.00996,34.97113,26.50295,23.09128,39.12842,19.59389,27.02023,0,25.17778,35.02972,21.61515,17.42366,17.43641,24.87778,13.82425,23.03679,23.46073,49.32583,24.38986,9.826464,0,23.10877,17.36929,38.48575,19.1742,39.56365,31.56281,34.19594,0,25.60467,28.421,25.22941,33.75027,21.88865,12.54123,35.58602,0,21.60637,24.58153,27.96166,25.11735,15.4947,10.69021,16.35088,18.82562,17.05171,41.07822,25.3858,23.33248,17.9305,15.54317,26.94322,0,55.56129,15.70357,12.45531,14.44909,
14.87021,24.11064,23.39922,18.68521,16.45456,29.47111,20.80005,25.69878,10.47792,38.0424,21.88065,10.87706,18.58382,7.622844,23.80831,18.15666,14.90197,14.07277,9.458734,28.56233,29.93353,45.88705,33.92358,11.59604,25.77888,25.90042,9.370122,0,20.70127,0,28.91624,14.95576,15.52277,25.14485,49.70277,18.74641,24.11799,24.79185,43.16536,24.10064,13.64709,18.63522,37.90919,33.38352,30.23139,13.35598,18.83757,29.64554,44.53388,19.8462,18.42328,22.70808,22.41955,25.93541,20.62141,8.684385,39.70663,16.53565,30.87143,19.59691,0,24.84964,20.94642,20.01821,29.89367,18.64422,10.89751,40.80768,48.36057,16.59275,0,24.33343,7.754298,28.42807,33.24196,41.91329,19.30453,60.39254,0,32.32611,
26.06424,37.56247,20.26023,15.49899,54.30533,37.08315,16.54967,38.74175,23.73236,0,17.32199,24.5676,50.53131,36.41169,21.69307,24.10642,24.39318,14.41677,29.73801,33.46629,34.04505,13.86506,19.19577,15.2995,22.15624,35.94172,9.367007,17.97173,22.9732,10.85006,33.79454,52.80191,27.24922,17.61852,31.96685,14.64853,16.60583,13.91725,20.85285,26.1351,0,28.41216,10.94794,44.50669,31.37346,0,19.39731,14.60761,23.73235,10.36165,10.54365,12.61276,54.08051,22.03773,0,27.44036,24.96735,21.83084,22.98006,40.50985,18.98197,0,13.77179,10.67191,33.58385,17.17166,42.4909,49.36213,24.4822,26.72656,25.79525,30.9928,34.58685,23.09431,0,13.02992,19.10748,0,58.24498,26.1642,
15.88979,18.37504,0,16.97189,14.24128,58.8792,46.941,35.50587,0,28.30967,18.6054,39.4954,0,20.25572,24.62063,27.37933,41.85531,12.20313,38.25186,21.69847,20.93803,0,33.3172,13.45169,14.13124,10.08737,21.42449,8.269808,21.81585,14.7008,37.57476,32.52946,15.78414,23.15957,22.81429,18.97439,12.73216,40.1645,44.92702,39.19839,0,19.52205,24.26733,33.76989,12.18867,18.23055,40.16226,22.47282,23.6819,32.35088,22.40628,46.74071,17.95299,21.19538,44.72593,15.22418,17.10693,25.70882,17.95418,16.06278,58.72465,0,34.55896,26.55405,18.53663,48.5261,24.34764,16.31839,40.65932,39.36324,57.19891,42.28131,48.85727,0,41.30059,15.98359,46.46234,57.13034,77.19116,29.30287,
15.01348,28.29632,21.22223,0,30.85151,52.81978,39.85624,27.57644,14.18357,26.38169,43.18006,16.02635,17.75815,28.90755,37.38192,20.32574,33.22069,8.147147,19.46276,17.06667,22.86484,0,16.45046,15.05102,8.335644,24.71016,46.18752,19.92179,27.5479,25.61877,15.38566,0,31.77161,23.32712,30.40602,9.410661,38.24621,12.00779,24.62026,27.49266,25.81409,18.94637,20.98516,56.27106,27.87693,18.51137,22.55726,12.71419,36.67864,14.20791,27.71195,45.2733,24.1906,32.45776,12.87382,24.90633,18.46056,13.70328,25.40675,0,33.35748,30.30149,16.87845,18.18595,24.11624,27.16743,30.87358,24.21807,42.73174,34.77621,26.35735,18.29053,24.36893,20.75962,0,33.23215,55.15567,30.79958,59.06702,51.88689,
17.87767,11.92958,13.56222,20.1808,11.1777,11.1137,33.97769,25.25963,23.39655,24.13304,13.47468,17.08555,15.75504,20.05958,26.42523,23.39967,17.40611,31.27746,18.86637,20.93028,42.28669,22.9414,33.19915,29.13088,30.46629,43.63316,0,12.51197,15.63912,19.87822,48.32,12.71546,21.92966,47.16862,34.07493,23.26184,43.94607,9.98562,13.42355,26.73582,9.767365,32.2163,35.7645,17.431,19.40654,17.54501,10.80015,24.04809,21.37974,15.43706,20.33902,27.73117,48.10165,0,18.7028,20.99615,19.41733,13.89904,17.11403,25.21958,21.55206,11.91163,19.6253,47.91654,0,12.06334,27.83695,30.86338,26.72125,36.91679,20.84641,0,34.74903,31.57922,23.21858,58.94368,26.47214,0,52.56544,17.39147,
6.120659,18.93608,14.58432,21.02318,21.09484,0,30.34481,35.83513,0,19.72907,10.83561,22.68188,35.29348,14.18613,30.54056,42.99394,24.81389,43.46,16.39121,11.34374,25.06055,20.99448,34.44136,35.99493,10.01824,35.41702,42.8117,0,22.62938,35.24755,26.39249,14.80182,22.57004,29.37585,46.65759,20.74311,34.73536,31.56507,23.26503,32.14816,28.32485,40.18554,12.81365,10.2649,18.03107,40.69297,30.94065,17.73339,48.64848,19.97969,0,21.38305,21.27948,23.55526,38.82168,26.34376,18.89657,0,19.43962,44.30589,30.83304,19.2315,69.12624,45.23388,31.73019,31.63288,52.61552,39.09296,18.78227,19.56879,23.41276,42.079,35.59204,28.35152,26.25126,53.07615,17.1779,66.67133,64.18549,43.19659,
19.90085,16.26652,25.47471,25.00673,15.01919,18.91725,14.95355,23.46104,10.27654,21.28101,13.7218,25.38654,0,24.97967,27.28826,19.67841,49.44353,0,26.88602,8.997277,19.22301,16.08369,30.98009,12.50887,21.66909,19.51826,25.0563,18.23958,30.44284,14.48489,23.44507,39.53392,33.80909,0,11.34964,21.67347,20.39781,33.17517,31.53795,49.80503,18.37737,40.02191,24.408,0,48.18543,29.92857,34.07922,20.97993,0,38.24938,33.3,23.53312,42.41853,17.81376,22.32431,22.93523,31.13788,36.15873,17.95419,30.35889,15.03219,17.58773,0,26.5386,13.80935,0,32.98426,13.72059,28.29301,48.69466,51.50767,30.98885,31.58575,13.91161,63.05717,56.31195,39.70126,0,0,41.87897,
18.91974,14.09405,18.70488,9.079909,14.542,18.03634,24.56972,22.77913,18.63475,14.09972,0,7.895919,21.59875,11.45385,10.18104,33.42361,20.87213,25.55544,16.91458,48.4204,27.79472,26.9144,15.20371,36.12239,15.61079,28.65726,18.06403,40.80717,37.86391,27.37642,26.19821,38.94502,62.40258,19.86316,33.96279,16.30843,16.80615,26.4577,46.50074,17.76521,15.69281,18.6504,62.25194,57.55252,34.21482,42.4838,46.83053,59.39114,22.65871,34.35838,0,16.95007,40.02707,33.26365,18.33656,15.14763,16.20764,33.7664,22.64734,15.93327,32.48705,26.83796,21.14648,28.94485,20.07006,54.33563,0,0,17.38763,24.61552,34.42496,42.2832,20.71498,0,66.63937,30.1501,30.4155,66.80761,61.40794,63.77135,
28.90477,20.34381,10.51937,33.08698,49.53345,34.88128,32.91563,9.809115,33.68183,17.15867,15.09539,22.37027,15.25482,9.631064,8.319736,22.95406,20.80731,15.4714,28.96763,0,6.87122,17.3081,43.34662,17.05486,0,25.19997,24.76601,14.62744,19.96526,0,9.022106,10.24585,12.46582,43.9929,17.22881,42.59879,21.25002,20.98977,18.73041,11.86688,22.03098,15.20965,43.80926,27.23136,0,66.37093,21.97391,0,0,33.68112,14.59299,24.70457,17.93567,25.07398,30.7199,32.88583,33.27128,0,45.52162,0,38.25542,0,61.347,22.2067,0,23.3891,17.39571,32.81232,45.26958,22.00963,24.22411,28.82692,21.46059,41.11992,55.98164,0,62.79336,48.36789,78.05063,37.18374,
27.17546,36.56105,38.22334,0,15.89468,10.48341,13.49055,16.00478,28.40434,28.75342,41.64522,15.26463,34.12163,27.3171,24.83083,52.58807,18.59826,12.64185,41.11551,16.77385,41.36078,43.18279,18.06763,22.50544,26.75507,20.09713,0,34.92099,15.75974,37.67844,25.66743,40.47325,22.00344,26.48291,51.58141,0,0,49.79017,49.39895,30.16753,0,21.61233,23.98394,20.10692,8.677474,26.72248,24.89017,18.76182,26.97271,16.86007,40.5394,29.16694,23.04254,17.44242,43.36251,0,17.56669,23.28645,46.80457,22.06345,37.42398,30.40717,58.68934,18.98069,14.79258,39.25807,21.1296,31.7051,31.33684,38.09127,15.06378,0,20.49872,52.70396,0,31.08606,49.23074,0,12.22198,46.89862,
12.01239,23.69477,0,23.01991,19.88715,20.28491,25.64809,16.16306,23.43707,28.42025,19.21254,36.4711,23.94857,40.08452,0,40.48523,30.61404,27.34973,48.08551,48.88712,27.59838,41.71683,48.48982,18.36684,33.60175,10.8133,46.61303,18.99495,12.38726,27.83858,16.91278,29.22929,22.82635,28.45975,30.13395,43.33212,55.68324,21.04877,60.24998,0,32.12866,27.00428,56.98552,48.07983,0,23.46478,13.15808,12.64081,14.85852,17.96371,36.76368,32.70888,20.36897,0,0,10.76216,27.20175,17.22606,26.66415,0,39.10014,34.45655,37.79591,0,30.7014,59.70417,26.01752,54.33857,23.10552,0,13.21621,39.6864,45.68621,44.60999,0,72.30042,0,58.01814,39.51578,77.39487,
36.49672,18.9979,22.63033,33.40075,27.14964,19.19226,28.01742,16.28141,15.02858,15.08598,42.82008,39.7618,42.75298,21.85796,20.29974,26.47474,15.62967,15.12877,49.61789,23.49563,33.51588,23.18885,18.87859,14.34843,30.83101,15.29997,19.35414,35.89519,43.26825,21.72381,19.15915,70.83506,17.4318,22.52384,22.22252,18.58485,26.74872,13.69358,22.59308,60.08737,20.86404,15.99694,56.21799,22.97338,33.43416,27.13302,18.88215,44.10015,0,21.71875,24.61547,20.07443,67.20387,19.33508,27.36588,0,33.70303,36.24668,50.41862,0,10.87895,19.3451,58.61674,59.84816,0,11.96317,28.06093,14.8807,0,39.66384,22.02365,66.21809,53.30402,0,23.34152,0,0,50.27219,17.65235,0,
40.74701,27.39361,19.76124,0,42.29589,30.42857,11.30519,15.35853,22.79208,11.07031,20.94478,27.9727,10.49078,22.17663,37.38605,26.33792,16.66765,45.06033,46.5387,17.91796,17.2156,17.6843,23.84064,18.44029,33.85674,62.54671,0,34.54824,7.943002,31.83904,44.19039,47.2552,41.36393,11.06014,20.71074,12.69887,20.70535,43.97122,32.45132,63.33095,21.63941,38.23232,43.31095,42.11113,63.51896,58.59524,8.568438,38.8606,19.41541,55.86564,52.68393,18.0834,13.13744,19.80587,38.53022,33.77821,36.19622,66.82479,55.43012,29.83078,0,19.2716,42.05509,52.05553,34.52681,22.30172,25.92829,25.75532,27.33376,38.1901,0,49.53693,37.84651,16.91446,18.2337,42.85747,0,51.7673,0,84.32253,
15.85504,15.79198,27.08418,12.89157,46.83789,35.77106,24.84929,35.68179,7.346393,38.70783,30.93013,29.88225,24.63779,33.88134,35.28174,25.08045,35.71,24.34575,42.62737,19.11224,41.13345,37.35856,43.21544,0,39.45198,0,13.54356,46.73861,37.14295,16.76028,43.22237,22.74705,38.82561,36.59514,46.95343,20.43946,17.9477,37.00435,31.96084,37.06988,20.90847,68.77873,20.93215,14.40195,25.61858,51.04408,0,25.09051,54.61391,12.23682,63.29061,35.91256,24.00414,27.3183,35.22539,77.98951,23.31843,31.81002,0,12.66634,74.67454,39.9562,24.98864,56.22251,0,53.69321,18.08565,29.94981,49.64452,65.80217,33.1049,39.81773,46.83116,0,9.106115,42.45809,0,0,0,45.17745,
24.72434,14.40063,21.55382,20.62239,21.43972,19.95509,14.40252,26.93875,21.56513,21.85342,6.438635,19.56491,30.32733,36.50218,48.46387,18.95247,35.193,14.33856,10.65298,51.17726,40.23611,41.27096,22.61544,45.62411,70.9739,0,54.03141,41.15367,14.09821,40.54779,22.15156,21.10929,0,0,63.58112,0,22.1451,18.45696,0,27.52481,49.40619,49.22869,55.34045,17.45441,53.51411,26.91523,60.05947,17.04211,0,29.66597,0,53.31829,33.13534,42.83348,0,26.64519,59.96058,19.47911,56.28779,40.45004,0,36.19316,24.18056,38.44621,21.93444,22.75499,10.44416,100,48.4399,49.98484,71.29225,0,26.21667,44.27443,17.48916,69.82933,0,0,76.8551,18.36143,
0,42.27863,52.15988,17.21531,18.54092,0,8.101273,13.66046,29.70082,26.08328,29.78418,41.67006,27.90836,8.333807,59.53888,45.19256,27.20941,13.07345,29.37241,11.03127,23.06412,20.68679,28.21034,31.41164,44.46121,0,23.97565,32.83776,41.82142,41.53766,42.75273,24.2535,56.87809,14.32735,0,28.51353,54.34926,0,62.00835,12.5625,24.30422,0,29.43944,15.45994,17.41934,0,45.03984,33.98854,15.16356,0,62.63865,25.51592,62.34407,37.9776,23.27316,56.98664,22.57257,72.3019,20.8069,56.38078,0,24.07812,53.63708,48.64423,17.84145,0,23.04093,55.04729,42.12923,16.01078,15.89467,42.62156,22.45491,33.79403,0,73.54917,49.50085,54.88976,41.82877,21.58126,
13.24938,12.39715,25.09358,14.28442,14.02367,21.9719,12.98663,11.79257,16.16549,46.52267,16.17215,18.31371,22.34686,21.32264,36.19421,21.32515,24.70666,0,70.24893,22.05035,57.71422,54.09916,22.86273,39.72194,21.02133,52.89583,26.73477,0,60.17728,76.51415,44.93835,31.60619,0,0,17.29702,43.95899,48.90162,54.96165,44.61858,0,0,38.6181,90.44125,65.17928,49.502,100,24.91211,0,0,57.84944,55.62801,16.09676,41.85476,64.48208,43.91708,34.56313,26.82206,55.45884,14.54965,56.17236,21.29151,0,36.47752,22.34256,17.32336,65.57374,53.65711,14.94707,0,21.11916,25.50395,0,57.36389,42.1911,25.51495,20.01028,69.54094,30.40222,28.88015,74.73027,
49.46608,24.25027,29.53067,30.8286,20.63258,24.92049,23.59192,0,17.71964,17.75988,21.72745,45.17915,26.31375,15.42966,14.88598,62.78336,18.22757,18.41893,54.44719,31.81482,19.43486,53.06402,35.906,24.28491,58.68077,45.27624,23.70273,11.76849,0,18.39347,50.36338,0,40.34586,0,14.07536,62.88777,68.8009,30.34682,7.587371,0,0,32.25555,58.23452,44.54604,23.22888,31.37972,60.22107,23.91893,27.92016,0,14.16401,0,53.75784,0,14.34309,18.94141,35.01379,26.5947,0,25.25817,51.30772,53.56925,39.34434,52.68031,31.0264,38.5201,24.2618,38.17842,24.32314,77.52164,34.8479,14.14115,64.2914,68.55392,62.81505,65.56915,48.72941,72.50404,0,94.20742,
25.65961,20.52876,26.11879,33.85683,36.06007,40.35352,23.13029,49.55101,42.64062,24.94052,12.23754,45.35976,22.04739,36.50471,16.28693,60.57487,14.39254,36.18443,47.1801,30.41589,16.75611,43.98422,22.36163,33.46587,38.4487,30.45823,21.17152,15.97886,48.07275,18.4462,64.83144,18.60223,22.78684,0,50.91183,36.75709,12.22522,28.6315,0,78.89491,36.3026,62.21635,42.67837,0,18.94952,38.72389,63.89211,24.60118,54.6582,52.61438,39.51221,61.82047,0,0,35.42463,54.60882,23.90946,37.34028,21.36747,54.37747,38.28439,17.07772,0,18.68148,17.23453,16.49607,11.03142,34.00611,24.0382,19.29681,18.65207,26.27612,19.11117,51.34882,35.07598,44.753,36.62461,17.3735,70.73557,93.30571,
